,,,,,,,,,,,
,,,Technique,Soil gas analysis,,,,,,,
,,,Instrument,GA5000,,,,,,,
,,,comment,,,,,,,,
,,,Calibration notes / Sample preparation,Air calibration,,,,,,,
IDENTIFICATION,,,Date,,,,,,,,
Locality,Latitude,Longitude,aaaa/mm/gg,CH4,CO2,O2,H2,CO,H2S,Balance,Soil type
,,,,,,,,,,,
must match sample tab,,,,vol%,vol%,vol%,ppmv,ppmv,ppmv,vol%,
Saint Magne,44.5426478,-0.6555458,2017-11-13,0,0.3,20.3,284,3,0,79.2,Sandy
Saint Magne,44.5427883,-0.6554638,2017-11-13,0,0.6,19.5,1000,49,2,79.7,Sandy
Montaut ,43.1376944,-0.1645,2018-02-15,0,0.2,20.3,8,1,0,79.3,Forest
Montaut ,43.1376944,-0.1647222,2018-02-16,0,0.6,19.5,16,6,0,79.7,Forest
Montaut ,43.1376944,-0.1647222,2018-02-17,0,0.6,19.5,20,2,0,79.7,Forest
Montaut ,43.1376944,-0.1647778,2018-02-18,0,1,19.5,9,1,0,79.3,Forest
Montaut ,43.1376944,-0.1647778,2018-02-19,0,1.8,19.1,7,1,0,78.9,Forest
Montaut ,43.1377222,-0.1648611,2018-02-20,0,1.2,19.3,13,0,0,79.3,Forest
Montaut ,43.1379444,-0.165,2018-02-21,0.5,0.3,20.1,17,2,4,78.9,Forest
Montaut ,43.1380278,-0.1651111,2018-02-22,0.8,1.1,18.8,28,15,4,79.1,Forest
Montaut ,43.1380278,-0.1651111,2018-02-23,1,0.6,19.8,36,5,8,78.4,Forest
Montaut ,43.1380833,-0.1654722,2018-02-24,0,0.7,20,28,1,3,79.1,Forest
Montaut ,43.1382222,-0.1656389,2018-02-25,0,0.8,19.9,25,0,2,79.1,Forest
Montaut ,43.1381944,-0.16575,2018-02-26,0,0.2,20.4,88,6,1,79.2,Forest
Montaut ,43.1383056,-0.1658333,2018-02-27,0,0.1,20.6,28,2,0,79.1,Forest
Montaut ,43.1383889,-0.1658611,2018-02-28,0,0.3,20.3,56,7,1,79.2,Forest
Montaut ,43.1383889,-0.1658611,2018-03-01,0,1,20,47,16,1,78.8,Forest
Montaut ,43.1384167,-0.1658889,2018-03-02,0,0.2,20.5,39,2,0,79.1,Forest
Montaut ,43.1385278,-0.1659444,2018-03-03,0.2,0.6,19.6,87,33,1,79.4,Forest
Montaut ,43.1385278,-0.1659444,2018-03-04,0.2,0.3,20.4,94,12,1,78.9,Forest
Montaut ,43.1386944,-0.1658889,2018-03-05,0,0.4,20.3,43,7,1,79.1,Forest
Montaut ,43.1386111,-0.1662778,2018-03-06,0,0.1,20.8,40,1,0,78.9,Forest
Montaut ,43.1391111,-0.1662222,2018-03-07,0,0.5,20.4,25,7,0,78.9,Forest
Lasseube,43.225542,-0.475571,2018-03-08,0,0.4,19.8,19,1,0,79,Forest
Lasseube,43.2234727,-0.4745933,2018-03-09,0,1.2,19.6,11,3,0,78.7,Forest
Lasseube,43.2234382,-0.4745232,2018-03-10,0,0.8,19.4,20,3,0,79,Forest
Lasseube,43.2235308,-0.4743337,2018-03-11,0,0.4,20.1,14,1,0,78.9,Forest
Lasseube,43.2235812,-0.4748103,2018-03-12,0,0.2,20.3,49,0,0,78.9,Forest
Lasseube,43.223558,-0.474962,2018-03-13,0,1.5,19.1,29,1,0,78.7,Forest
Lasseube,43.223641,-0.4749757,2018-03-14,0,0.4,19.8,49,2,0,78.9,Forest
Lasseube,43.2236543,-0.475238,2018-03-15,0,0.4,20.3,42,2,0,78.7,Forest
Lasseube,43.2233492,-0.4750615,2018-03-16,0,1.7,15.6,64,4,0,79.3,Forest
Rébénacq,43.1533967,-0.3957728,2018-03-17,0,0.7,19.8,37,0,0,78.9,Forest
Rébénacq,43.1531877,-0.3959203,2018-03-18,0,0.2,20.3,23,0,0,78.8,Forest
Rébénacq,43.1531203,-0.3962142,2018-03-19,0,0.2,20.7,12,0,0,78.9,Grassland
Rébénacq,43.1530043,-0.3963295,2018-03-20,0,0.2,20.6,5,0,0,78.9,Grassland
Rébénacq,43.1526615,-0.3965502,2018-03-21,0,0.2,20.6,1,0,0,78.9,Grassland
Rébénacq,43.1522712,-0.3957263,2018-03-22,0,0.1,20.7,0,0,0,78.9,Grassland
Rébénacq,43.152633,-0.3957627,2018-03-23,0,0.1,20.8,0,0,0,78.9,Grassland
Col d'urdach,43.1180562,-0.6641538,2018-03-24,0.1,0.4,18.1,1000,79,2,80.5,Meadow
Col d'urdach,43.1180788,-0.664306,2018-03-25,0,0.3,19.2,1000,61,2,80.1,Meadow
Col d'urdach,43.118094,-0.664412,2018-03-26,0,0.2,19.4,323,17,0,79.6,Meadow
Col d'urdach,43.1180537,-0.6644703,2018-03-27,0,0.2,19.9,475,3,0,79.5,Meadow
Col d'urdach,43.1181472,-0.6644968,2018-03-28,0,0.3,20.1,105,4,0,79.5,Meadow
Col d'urdach,43.1181627,-0.6646515,2018-03-29,0.1,0.3,20.4,66,4,0,79.2,Meadow
Col d'urdach,43.1177692,-0.664736,2018-03-30,0.1,0.1,19.8,413,7,0,79.2,Meadow
Montaut,43.1380202,-0.1643212,2018-03-31,0,0.1,20.4,20,0,0,79.5,Forest
Montaut,43.1379812,-0.1644252,2018-04-01,0,0.1,19.6,7,2,0,79.5,Forest
Montaut,43.1379307,-0.1640965,2018-04-02,0,0.1,19.7,4,4,0,79.6,Forest
Montaut,43.138064,-0.1643232,2018-04-03,0,0.1,19.9,6,6,0,79.5,Forest
Montaut,43.1381833,-0.1642893,2018-04-04,0,0.2,19.9,12,2,0,79.4,Forest
Montaut,43.1382297,-0.1641413,2018-04-05,0,0.4,19.6,6,2,0,79.4,Forest
Montaut,43.1382155,-0.1640383,2018-04-06,0,0.1,19.6,14,2,0,79.5,Forest
Montaut,43.1383822,-0.1637747,2018-04-07,0,1.2,19.9,1,0,0,78.8,Forest
Montaut,43.1383243,-0.1636903,2018-04-08,0,0.3,19.4,2,1,0,79.4,Forest
Montaut,43.138295,-0.1637943,2018-04-09,0,0.1,19.7,4,4,0,79.4,Forest
Montaut,43.1383545,-0.1636315,2018-04-10,0,0.1,19.6,7,2,0,79.4,Forest
Montaut,43.1381857,-0.163641,2018-04-11,0,0.1,19.7,3,0,0,79.3,Forest
La Saline,43.442167,-0.9750965,2018-04-12,0.1,0.1,20.5,1,0,0,79.1,Forest
La Saline,43.4420828,-0.975058,2018-04-13,0.1,1.6,20.2,10,1,0,78.8,Forest
La Saline,43.4419952,-0.9751335,2018-04-14,0,2.6,19.5,31,2,0,79,Forest
La Saline,43.4421347,-0.9751945,2018-04-15,0,1.7,20,50,4,0,79.2,Forest
La Saline,43.4420173,-0.9751592,2018-04-16,0,0.4,20.2,53,2,0,79.2,Forest
La Saline,43.4421095,-0.9748788,2018-04-17,0,0.5,20.1,41,4,0,79.2,Forest
La Saline,43.4422035,-0.9748665,2018-04-18,0,0.2,20.6,14,1,0,79.1,Forest
La Saline,43.4421727,-0.9747237,2018-04-19,0,0.4,20.4,9,2,0,79.2,Forest
La Saline,43.4421662,-0.9744672,2018-04-20,0,1,20.1,12,1,0,79.1,Forest
La Saline,43.4418158,-0.9740355,2018-04-21,0,3.1,17.7,9,1,0,79.5,Forest
La Saline,43.4416493,-0.9729313,2018-04-22,0,2.7,19.6,4,1,0,79.3,Forest
La Saline,43.4418903,-0.9762373,2018-04-23,0,1.4,20.6,0,0,0,79,Forest
La Saline,43.4416758,-0.9762167,2018-04-24,0,0.3,20.6,3,0,0,78.9,Forest
La Saline,43.441722,-0.9762115,2018-04-25,0,0.5,20.3,15,1,0,79,Forest
La Saline,43.4419772,-0.9760372,2018-04-26,0,0.7,19.9,3,0,0,79.1,Forest
La Saline,43.4420153,-0.9754932,2018-04-27,0,0.5,20.4,5,1,0,79.1,Forest
La Saline,43.4416655,-0.9751193,2018-04-28,0,4.1,16.6,5,1,0,79.8,Forest
La Saline,43.4416693,-0.9750193,2018-04-29,0,2.6,17.5,1,0,0,79.7,Forest
La Saline,43.4416175,-0.9752113,2018-04-30,0,2.1,18.1,8,0,0,79.3,Forest
La Saline,43.441696,-0.9751687,2018-05-01,0,0.1,20.5,12,2,0,79.2,Forest
La Saline,43.4417077,-0.9749573,2018-05-02,0,0.3,20.3,11,1,0,79.3,Forest
La Saline,43.4416613,-0.9749468,2018-05-03,0,1,20.2,12,0,0,79.1,Forest
La Saline,43.4412693,-0.974798,2018-05-04,0,1.4,17.3,12,1,0,79.7,Forest
La Saline,43.4413007,-0.9748048,2018-05-05,0,0.8,20,4,1,0,79.4,Forest
La Saline,43.4418665,-0.974995,2018-05-06,0,0.3,20.1,13,1,0,79.6,Forest
La Saline,43.4420958,-0.9751057,2018-05-07,0,0.1,20.1,9,0,0,79.6,Forest
La Saline,43.4421248,-0.9751592,2018-05-08,0,0.6,19.8,34,1,0,79.5,Forest
La Saline,43.442053,-0.9751247,2018-05-09,0,0.4,20,7,1,0,79.6,Forest
La Saline,43.4421793,-0.9750288,2018-05-10,0,0.8,19.7,16,0,0,79.6,Forest
La Saline,43.4420912,-0.9752068,2018-05-11,0,0.3,20.1,2,0,0,79.6,Forest
La Saline,43.4419373,-0.9752217,2018-05-12,0,1.1,19.2,5,1,0,79.6,Forest
La Saline,43.442334,-0.9747533,2018-05-13,0,1.1,19.1,18,2,0,79.3,Forest
La Saline,43.442813,-0.9748752,2018-05-14,0,2.8,17.4,31,3,0,80.2,Forest
La Saline,43.4428177,-0.975023,2018-05-15,0,1.4,18.1,157,5,0,79.3,Forest
La Saline,43.4429002,-0.9752322,2018-05-16,0,0.3,20.3,28,1,0,79.4,Forest
La Saline,43.4429695,-0.9755785,2018-05-17,0,2,16.7,63,2,0,79.5,Forest
La Saline,43.443018,-0.9757913,2018-05-18,0,0.3,20.3,7,0,0,79.3,Forest
La Saline,43.4430132,-0.9758867,2018-05-19,0,0.3,20.3,11,1,0,79.3,Forest
La Saline,43.4442082,-0.9734632,2018-05-20,0,2.4,19.7,12,1,0,79.1,Forest
La Saline,43.4442152,-0.9736822,2018-05-21,0,2.1,19.6,77,5,0,79.2,Forest
La Saline,43.4441808,-0.9735583,2018-05-22,0,2.4,19,53,1,0,79.2,Forest
La Saline,43.4447463,-0.9734462,2018-05-23,0,0.3,20.5,6,2,0,79.6,Forest
La Saline,43.4446983,-0.9734595,2018-05-24,0,2.3,18.2,4,2,0,80.3,Forest
La Saline,43.444886,-0.9734997,2018-05-25,0,2.8,17.1,7,0,0,79,Forest
La Saline,43.4451275,-0.9734445,2018-05-26,0,2,19.7,8,4,0,79.1,Forest
La Saline,43.4454033,-0.9732677,2018-05-27,0,0.8,20,3,1,0,79,Forest
La Saline,43.4457868,-0.9732893,2018-05-28,0,0.6,20.4,6,2,0,79,Forest
La Saline,43.4466582,-0.9734505,2018-05-29,0,0.7,20.7,21,2,0,79.1,Forest
La Saline,43.4465763,-0.9733277,2018-05-30,0,0.7,20.3,19,3,0,79,Forest
La Saline,43.4448362,-0.9735527,2018-05-31,0,3.2,17.2,11,4,0,79.6,Forest
La Saline,43.444711,-0.9735215,2018-06-01,0,2.3,18.2,9,2,0,79.4,Forest
Sud Le Bourguet,43.4509313,-0.9777712,2018-06-02,0,0.2,20,67,2,0,79.1,Forest
Sud Le Bourguet,43.4512025,-0.9773423,2018-06-03,0,2.9,18,17,4,0,79,Forest
Sud Le Bourguet,43.4513497,-0.9776297,2018-06-04,0,2.7,18.2,21,0,0,79.2,Forest
Sud Le Bourguet,43.451482,-0.9776645,2018-06-05,0,1.7,19.9,59,5,0,79.2,Forest
Sud Le Bourguet,43.451605,-0.9775612,2018-06-06,0,0.6,20,45,2,0,79.2,Forest
Sud Le Bourguet,43.4516368,-0.9776637,2018-06-07,0,0.7,19.9,41,3,0,79.2,Forest
Sud Le Bourguet,43.4539367,-0.9781478,2018-06-08,0,0.2,20.5,408,3,0,79.4,Forest
Sud Le Bourguet,43.4538962,-0.9778852,2018-06-09,0,2.4,18.6,547,12,0,79.2,Forest
Sud Le Bourguet,43.4539298,-0.977805,2018-06-10,0,0.3,20.4,145,3,0,79.3,Forest
Sud Le Bourguet,43.4538078,-0.977751,2018-06-11,0,0.5,19.2,45,1,0,79.1,Forest
Sud Le Bourguet,43.4537505,-0.977703,2018-06-12,0,0.5,19.9,54,3,0,79.1,Forest
Sud Le Bourguet,43.4536867,-0.9778852,2018-06-13,0,1.5,19.9,38,3,0,79.2,Forest
Sud Le Bourguet,43.4536047,-0.9780985,2018-06-14,0,2.5,18.1,21,1,0,79.1,Forest
Sud Le Bourguet,43.4534532,-0.9775505,2018-06-15,0,0.9,19.3,1,0,0,78.9,Forest
Sud Le Bourguet,43.4531925,-0.9775568,2018-06-16,0,1.7,19.6,10,2,0,78.9,Forest
Sud Le Bourguet,43.4529652,-0.9773038,2018-06-17,0,4.1,16.5,7,2,0,79.4,Forest
Sud Le Bourguet,43.4529423,-0.977322,2018-06-18,0,3.9,16.6,12,1,0,79.4,Forest
Sud Le Bourguet,43.4528433,-0.9772428,2018-06-19,0,3.8,16.8,19,1,0,78.8,Forest
Sud Le Bourguet,43.4529033,-0.9772082,2018-06-20,0,2.4,19.3,13,3,0,78.2,Forest
Armendarits,43.287837,-1.169328,2018-06-21,0,0.1,20.1,7,1,0,79.7,Grassland
Armendarits,43.287837,-1.169328,2018-06-22,0,0.7,19.7,22,0,0,79.7,Grassland
Armendarits,43.2877785,-1.1694012,2018-06-23,0,0.2,19.8,36,1,0,79.8,Grassland
Armendarits,43.2880077,-1.169179,2018-06-24,0,0.2,19.5,5,1,0,79.7,Grassland
Armendarits,43.2881155,-1.1689343,2018-06-25,0,0.2,19.5,3,1,0,79.9,Grassland
Armendarits,43.2882802,-1.1689288,2018-06-26,0,0.2,19.1,5,0,0,79.9,Grassland
Armendarits,43.288348,-1.168786,2018-06-27,0,0.3,19.3,6,1,0,79.9,Grassland
Armendarits,43.2885522,-1.1685127,2018-06-28,0,0.2,19.9,24,2,0,79.8,Grassland
Armendarits,43.3016815,-1.1579942,2018-06-29,0,0.2,19.6,0,0,0,79.7,Grassland
Armendarits,43.3012453,-1.1579148,2018-06-30,0,0.8,19.7,6,8,0,79.5,Grassland
Armendarits,43.3013702,-1.1579098,2018-07-01,0,0.9,19.5,20,5,0,79.7,Grassland
Armendarits,43.3012603,-1.1579847,2018-07-02,0.1,1.1,19,16,7,0,79.6,Grassland
Armendarits,43.3012288,-1.1579348,2018-07-03,0,0.5,19.9,15,5,0,79.7,Grassland
Armendarits,43.3010107,-1.1579563,2018-07-04,0,0.3,19.6,25,6,0,79.6,Grassland
Armendarits,43.3009972,-1.1579305,2018-07-05,0,0.7,19.5,9,7,0,79.6,Grassland
Armendarits,43.300808,-1.1579958,2018-07-06,0,1.3,19.6,4,2,0,79.7,Grassland
Armendarits,43.3006523,-1.1580453,2018-07-07,0,1.5,19.8,17,5,0,79.1,Grassland
Armendarits,43.3007188,-1.157992,2018-07-08,0,0.6,20.1,9,3,0,80.1,Grassland
Armendarits,43.3008153,-1.1575958,2018-07-09,0,0.5,16.5,6,4,0,79.6,Grassland
Armendarits,43.300734,-1.1576383,2018-07-10,0,0.3,19.9,5,2,0,79.6,Grassland
Armendarits,43.301136,-1.1581723,2018-07-11,0,0.1,20,5,5,0,79.5,Grassland
Armendarits,43.3011803,-1.1581228,2018-07-12,0,3.2,16.5,2,1,0,80.3,Grassland
Armendarits,43.3011328,-1.1582988,2018-07-13,0,2.9,17.1,3,3,0,79.5,Grassland
Armendarits,43.3021435,-1.1578728,2018-07-14,0,0.3,20.3,1,1,0,79.4,Grassland
Armendarits,43.3021457,-1.1578663,2018-07-15,0,0.5,19.9,18,2,0,79.4,Grassland
Armendarits,43.3276302,-1.1536783,2018-07-16,0,0.1,20.3,24,4,0,79.6,Grassland
Armendarits,43.3215688,-1.1364785,2018-07-17,0,0.2,19.9,7,2,0,79.8,Grassland
Armendarits,43.3215793,-1.1363037,2018-07-18,0,0.9,19.4,37,7,0,79.6,Grassland
Armendarits,43.3216047,-1.1361185,2018-07-19,0,0.1,20.2,8,3,0,80,Grassland
Armendarits,43.3217743,-1.1355955,2018-07-20,0,2.4,17.5,17,6,0,79.7,Grassland
Armendarits,43.3217505,-1.135432,2018-07-21,0,0.5,19.9,4,2,0,79.6,Grassland
Armendarits,43.3217147,-1.1351168,2018-07-22,0,0.4,20,13,3,0,79.6,Grassland
Armendarits,43.3202693,-1.1352648,2018-07-23,0,2.6,18.5,11,3,0,79.9,Grassland
Armendarits,43.3202363,-1.1353303,2018-07-24,0,0.8,19.6,47,6,0,79.7,Grassland
Armendarits,43.3202388,-1.1354513,2018-07-25,0,0.1,19.9,15,2,0,79.6,Grassland
Mauléon Nord,43.2516035,-0.8712205,2018-07-26,0,0.2,20.4,7,0,0,79.2,Grassland
Sauveterre,43.1756103,-0.9467363,2018-07-27,0,0.1,20.2,33,3,0,79.7,Grassland
Sauveterre,43.4076148,-0.9468712,2018-07-28,0,0.4,19.9,5,0,0,79.8,Grassland
Sauveterre,43.4073415,-0.9470058,2018-07-29,0,0.2,19.9,3,0,0,79.9,Grassland
Sauveterre,43.4070228,-0.9472095,2018-07-30,0,1.5,18.7,6,0,0,79.8,Grassland
Sauveterre,43.4067808,-0.9471935,2018-07-31,0.4,2.2,16.7,8,1,0,80.7,Grassland
Sauveterre,43.4065395,-0.9473323,2018-08-01,0,1.7,17.5,7,1,0,80,Grassland
Sauveterre,43.4062885,-0.9475332,2018-08-02,0,0.6,19,2,1,0,80.3,Grassland
Sauveterre,43.406076,-0.947621,2018-08-03,0,0.3,19.5,0,0,0,80,Grassland
Sauveterre,43.4054703,-0.947674,2018-08-04,0,0.1,19.9,1,0,0,80,Grassland
Sauveterre,43.4054413,-0.9478187,2018-08-05,0,0.1,19.9,3,0,0,80,Grassland
Sauveterre,43.405017,-0.9479578,2018-08-06,0,0.3,19.8,7,3,0,79.9,Grassland
Sauveterre,43.4047863,-0.9480075,2018-08-07,0,0.3,19.7,2,1,0,80,Grassland
Sauveterre,43.4047912,-0.9479553,2018-08-08,0,0.1,19.8,1,0,0,80.1,Grassland
Sauveterre,43.404535,-0.9479248,2018-08-09,0,0.1,19.8,1,0,0,80,Grassland
Sauveterre,43.4043507,-0.9479597,2018-08-10,0,0.1,19.8,2,1,1,80.1,Grassland
Sauveterre,43.4041508,-0.9479688,2018-08-11,0,0.1,19.8,0,0,0,80,Grassland
Sauveterre,43.404027,-0.947961,2018-08-12,0,0.1,19.8,1,1,1,80,Grassland
Sauveterre,43.4038793,-0.9482058,2018-08-13,0.4,0.7,18.6,4,2,1,80.4,Grassland
Sauveterre,43.4038767,-0.9481645,2018-08-14,0.2,0.4,18.9,7,2,1,80.2,Grassland
Sauveterre,43.4036628,-0.9489128,2018-08-15,0,0.2,19.5,5,1,0,79.9,Grassland
Sauveterre,43.4033277,-0.9493665,2018-08-16,0,0.1,20,2,2,0,79.9,Grassland
Sauveterre,43.4040078,-0.9497722,2018-08-17,0,0.1,20,25,2,0,79.8,Grassland
Sauveterre,43.4040568,-0.949797,2018-08-18,0,0.1,20.1,4,0,0,79.7,Grassland
Sauveterre,43.4040775,-0.9505142,2018-08-19,0,0.8,19.8,9,3,0,79.5,Grassland
Sauveterre,43.4040895,-0.9506103,2018-08-20,0,0.3,19.9,16,1,0,79.8,Grassland
Sauveterre,43.4040013,-0.950835,2018-08-21,0,0.2,20.1,1,0,0,79.5,Grassland
Sauveterre,43.4042597,-0.950817,2018-08-22,0,0.1,20.4,4,1,0,79.5,Grassland
Sauveterre,43.4045563,-0.9513202,2018-08-23,0,0.1,20.4,6,1,0,79.5,Grassland
Sauveterre,43.4048278,-0.9514618,2018-08-24,0,0.1,20.1,11,2,0,79.5,Grassland
Sauveterre,43.4055925,-0.9518605,2018-08-25,0,0.1,20.4,49,2,0,79.3,Grassland
Sauveterre,43.4057213,-0.9517122,2018-08-26,0,1.3,18.9,31,11,0,79.7,Grassland
Sauveterre,43.4059285,-0.95209,2018-08-27,0,2.8,18.1,34,3,0,79.3,Grassland
Sauveterre,43.4058108,-0.9523202,2018-08-28,0,2.6,18,52,4,0,79.3,Grassland
Sauveterre,43.4061757,-0.9525893,2018-08-29,0,2.4,18.3,11,1,0,79.1,Grassland
Sauveterre,43.4064645,-0.9526067,2018-08-30,0,7.2,13.3,148,34,0,80.9,Grassland
Sauveterre,43.4065913,-0.9527935,2018-08-31,0,7.2,13.2,173,24,0,79.7,Grassland
Sauveterre,43.4066168,-0.9531197,2018-09-01,0,5.7,9.2,632,11,1,81.3,Grassland
Sauveterre,43.4068952,-0.9532543,2018-09-02,0,3,15.4,104,6,0,79,Grassland
Sauveterre,43.4071193,-0.9525438,2018-09-03,0,0.6,20.4,187,11,0,78.9,Grassland
Sauveterre,43.4073667,-0.9525917,2018-09-04,0,0.7,20.6,28,3,0,78.9,Grassland
Sauveterre,43.4066657,-0.9508853,2018-09-05,0,0.4,20.7,121,5,0,78.9,Grassland
Sauveterre,43.4066168,-0.9502885,2018-09-06,0,1,19.6,198,7,0,79.4,Grassland
Sauveterre,43.4055437,-0.9501203,2018-09-07,0,1.1,19.4,6,1,0,78.7,Grassland
Sauveterre,43.4054707,-0.9495548,2018-09-08,0,0.1,21.2,6,2,0,78.7,Grassland
Sauveterre,43.4054767,-0.9490133,2018-09-09,0,0.1,21.2,4,1,0,78.7,Grassland
Sauveterre,43.4054853,-0.949013,2018-09-10,0,0.5,20.3,29,3,0,78.8,Grassland
Sauveterre,43.4054662,-0.9491333,2018-09-11,0,2.5,17.4,81,18,0,80.4,Grassland
Sauveterre,43.4054683,-0.9486832,2018-09-12,0,1.8,18.3,177,7,0,79.3,Grassland
Sauveterre,43.4052173,-0.9480718,2018-09-13,0,1.1,19.5,7,0,0,78.5,Grassland
Sauveterre,43.4054475,-0.9480718,2018-09-14,0,0.1,21.1,3,1,0,78.8,Grassland
Sauveterre,43.4054633,-0.9480718,2018-09-15,0,0.6,19.9,3,1,0,78.6,Grassland
Col d'Urdach,43.1177437,-0.6646265,2018-09-16,0.1,0.1,20.1,15,2,0,79.9,Meadow
Col d'Urdach,43.1180943,-0.66426,2018-09-17,0.1,0.4,19.7,2,0,0,79.9,Meadow
Montaut,43.138661,-0.168492,2018-09-18,0,0.7,20.5,27,3,0,79.1,Forest
Montaut,43.138661,-0.168492,2018-09-19,0,0.5,19.9,35,3,0,78.5,Forest
Montaut,43.1387925,-0.1686963,2018-09-20,0,0.2,20.8,34,12,0,78.8,Forest
Montaut,43.1386995,-0.1686493,2018-09-21,0,0.3,20.3,65,8,0,78.9,Forest
Montaut,43.1388455,-0.1685993,2018-09-22,0,0.8,20.1,24,9,0,78.8,Forest
Montaut,43.1384888,-0.1683395,2018-09-23,0,0.2,20.4,2,2,0,78.8,Forest
Montaut,43.138088,-0.165906,2018-09-24,0,0,19.9,73,9,0,79.4,Forest
Montaut,43.1389622,-0.1686902,2018-09-25,0,5.7,20.3,2,0,0,79.4,Forest
Montaut,43.1382958,-0.1683057,2018-09-26,0,0.1,20.3,1,0,0,79.4,Forest
Montaut,43.1382203,-0.1659067,2018-09-27,0,0,20.5,1,0,0,79.1,Forest
Montaut,43.137754,-0.164457,2018-09-28,0.1,0,20.3,1,0,0,79.4,Forest
Montaut,43.138661,-0.168492,2018-09-29,0,0.1,20.4,1,0,0,79.2,Forest
Montaut,43.138497,-0.168428,2018-09-30,0.1,0,20.4,1,0,0,79.2,Forest
Montaut,43.138244,-0.167975,2018-10-01,0,0,20.5,0,0,0,79.2,Forest
Castetnau-Camblong,43.3239003,-0.7897172,2018-10-02,0,0.6,20.1,7,0,0,79.1,Grassland
Turon de la Técouère,43.0631987,-0.4945167,2018-10-03,0.3,0.1,19.9,0,0,0,79.7,Meadow
Turon de la Técouère,43.0633133,-0.4945737,2018-10-04,0.2,0.1,19.5,1,0,0,80.2,Meadow
Turon de la Técouère,43.0631845,-0.4945313,2018-10-05,0.2,0.1,19.1,0,0,0,80.6,Meadow
Turon de la Técouère,43.063233,-0.4945693,2018-10-06,0.2,0.1,18.8,17,7,0,80.9,Meadow
Turon de la Técouère,43.0632138,-0.4944077,2018-10-07,0.1,1,17,300,11,1,81.5,Meadow
Turon de la Técouère,43.0634592,-0.4946103,2018-10-08,0,0.2,17.9,130,3,1,81.1,Meadow
Turon de la Técouère,43.0634558,-0.4946233,2018-10-09,0,0.3,18.3,93,3,1,81,Meadow
Turon de la Técouère,43.0636402,-0.4944435,2018-10-10,0,1.1,18.3,22,0,0,80.7,Meadow
Turon de la Técouère,43.063598,-0.4944555,2018-10-11,0.1,1.1,19,111,2,0,80,Meadow
Turon de la Técouère,43.0641563,-0.4942145,2018-10-12,0.2,4.1,16.6,612,23,0,79.6,Meadow
Turon de la Técouère,43.0641743,-0.4942358,2018-10-13,0.1,2.9,16.8,333,12,0,79.8,Meadow
Turon de la Técouère,43.0642122,-0.4936763,2018-10-14,0,1.1,18,174,6,0,80.5,Meadow
Turon de la Técouère,43.0641078,-0.4933843,2018-10-15,0,2.3,18.9,405,13,1,80.2,Meadow
Turon de la Técouère,43.0646652,-0.4923743,2018-10-16,0,1.2,19.3,142,5,0,79.7,Meadow
Turon de la Técouère,43.0646657,-0.4925355,2018-10-17,0,3.4,19.7,750,19,1,80.1,Meadow
Turon de la Técouère,43.0651015,-0.4923217,2018-10-18,0.1,5.3,15.6,120,2,0,78.7,Meadow
Turon de la Técouère,43.065022,-0.4921712,2018-10-19,0.1,5.5,16.3,228,12,0,78.8,Meadow
Turon de la Técouère,43.0652115,-0.4921788,2018-10-20,0.1,3.5,18.9,205,15,0,78.8,Meadow
Turon de la Técouère,43.0654473,-0.4918437,2018-10-21,0,1.2,19.3,105,4,0,79.3,Meadow
Turon de la Técouère,43.0656038,-0.4918172,2018-10-22,0,0.2,19.2,365,4,0,79.6,Meadow
Turon de la Técouère,43.0657285,-0.4915328,2018-10-23,0,0.1,18.8,736,12,1,79.9,Meadow
Turon de la Técouère,43.0658517,-0.4914363,2018-10-24,0,0,17.1,1000,20,2,79.9,Meadow
Turon de la Técouère,43.0658952,-0.4914632,2018-10-25,0,0,20.1,1000,1,0,79.8,Meadow
Turon de la Técouère,43.0657058,-0.4914962,2018-10-26,0,0,18.6,800,7,1,80,Meadow
Turon de la Técouère,43.0666567,-0.4908852,2018-10-27,0,1.3,19.9,67,5,0,79.5,Meadow
Turon de la Técouère,43.0666983,-0.4909217,2018-10-28,0,1,19.9,17,2,0,79.3,Meadow
Turon de la Técouère,43.0646607,-0.489865,2018-10-29,0,2.4,11.6,37,1,0,79.3,Meadow
Turon de la Técouère,43.0646528,-0.4898323,2018-10-30,0,0.3,20.2,217,4,0,79.4,Meadow
Turon de la Técouère,43.0619573,-0.491625,2018-10-31,0,2.5,20.3,159,6,0,79.3,Meadow
Turon de la Técouère,43.0620837,-0.495814,2018-11-01,0,1.8,20.2,2,1,0,78.9,Meadow
Turon de la Técouère,43.0622418,-0.4961447,2018-11-02,0,1.8,20,23,6,0,78.6,Meadow
Nord Baigts-de-Béarn,43.5231383,-0.829677,2018-11-03,0,0.3,20.3,152,2,0,79.1,Forest
Nord Baigts-de-Béarn,43.5231413,-0.8296143,2018-11-04,0.2,0.8,20.1,107,1,0,79,Forest
Nord Baigts-de-Béarn,43.5234377,-0.8291317,2018-11-05,0,0.2,20.7,92,6,1,79.1,Forest
Nord Baigts-de-Béarn,43.5233227,-0.8291422,2018-11-06,0.1,0.3,19.9,734,10,1,79,Forest
Nord Baigts-de-Béarn,43.5233127,-0.8289763,2018-11-07,0.1,0.1,20,350,9,1,79,Forest
Nord Baigts-de-Béarn,43.5224712,-0.8284305,2018-11-08,0,0.1,20.4,44,2,0,78.7,Forest
Nord Baigts-de-Béarn,43.5227893,-0.8286693,2018-11-09,0,0.7,20.4,221,6,0,78.7,Forest
Est Baigts-de-béarn,43.5133895,-0.8152538,2018-11-10,0,0.1,21.1,27,3,0,78.7,Grassland
Est Baigts-de-béarn,43.5134165,-0.8152843,2018-11-11,0,0.4,21,74,2,0,78.6,Grassland
Labordes,43.4354812,-0.9088855,2018-11-12,0,0.3,20.5,221,2,0,79.4,Grassland
Labordes,43.441804,-0.9094275,2018-11-13,0,0.1,20.8,722,4,1,79.2,Grassland
Labordes,43.4418713,-0.9093278,2018-11-14,0,1.6,19.5,70,2,0,79.1,Grassland
Labordes,43.4417805,-0.90945,2018-11-15,0,0.9,19.4,49,2,0,79.4,Grassland
Labordes,43.4612637,-0.9201248,2018-11-16,0,0.1,18.9,80,0,0,79.4,Grassland
Labordes,43.46016,-0.9185263,2018-11-17,0,3,18.6,284,3,0,79.1,Grassland
Labordes,43.4600703,-0.9184595,2018-11-18,0.6,3.8,16.8,1000,0,3,80.9,Grassland
Labordes,43.4416495,-0.9076387,2018-11-19,0.3,0.4,20.2,20,3,0,79.2,Grassland
Sussaute,43.3688172,-0.9874452,2018-11-20,0,0.1,21.2,12,1,0,79.2,Grassland
Sussaute,43.3687193,-0.9873432,2018-11-21,0,0.6,20.1,36,14,0,79.1,Grassland
Arbouet-Sussaute,43.3850248,-0.9821332,2018-11-22,0,0.1,21.1,0,0,0,78.8,Grassland
Arbouet-Sussaute,43.3851167,-0.9821667,2018-11-23,0,0.1,21,17,3,0,78.9,Grassland
Arbouet-Sussaute,43.3846762,-0.982216,2018-11-24,0,0.1,20.9,43,10,0,79,Grassland
Montaut,43.139159,-0.1689808,2018-11-25,0,0.2,20.2,25,0,0,79.3,Forest
Montaut,43.1385372,-0.1662492,2018-11-26,0,0.9,20.5,15,0,0,79.1,Forest
Montaut,43.140192,-0.169671,2018-11-27,0,0.6,20.6,140,6,0,79.2,Forest
Montaut,43.140192,-0.169671,2018-11-28,0,0.2,19.5,7,2,0,79.2,Forest
Sommet de Moncaut,43.0759962,-0.31586,2018-11-29,0,0.1,21.3,0,0,0,78.6,Meadow
Sommet de Moncaut,43.0766237,-0.3161847,2018-11-30,0,0.1,21.2,2,1,0,78.6,Meadow
Sommet de Moncaut,43.0768237,-0.316552,2018-12-01,0,0,21.2,1,2,0,78.7,Meadow
Sommet de Moncaut,43.0770513,-0.3164798,2018-12-02,0,0.1,21.1,1,1,0,78.8,Meadow
Sommet de Moncaut,43.0770528,-0.3164035,2018-12-03,0,0,21.1,1,0,0,78.8,Meadow
Sud Col d'Apanice,43.0990375,-1.071121,2018-12-04,0,0.2,19.9,3,0,0,79.5,Meadow
Sud Col d'Apanice,43.0928573,-1.0446587,2018-12-05,0,0.2,20.7,3,2,0,78.9,Meadow
Sud Col d'Apanice,43.0927805,-1.044579,2018-12-06,0,0.1,20.9,7,2,0,78.8,Meadow
Baigts de Bearn Est,43.5140765,-0.8139493,2018-12-07,0,0.4,20.7,5,1,0,79,grassland
Baigts de Bearn Est,43.5139402,-0.8141292,2018-12-08,0,0.8,20.1,8,2,0,79.1,grassland
Baigts de Bearn Est,43.514101,-0.8140948,2018-12-09,0,0.6,20.4,4,0,0,78.8,grassland
Baigts de Bearn Est,43.514104,-0.8140807,2018-12-10,0,0.8,20.4,1,0,0,78.8,grassland
Baigts de Bearn Est,43.5140843,-0.8139442,2018-12-11,0,0.8,20.5,11,0,0,78.9,grassland
Baigts de Bearn Est,43.5140173,-0.8141342,2018-12-12,0,1.6,20.3,8,1,0,78.6,grassland
Baigts de Bearn Est,43.5140525,-0.8140668,2018-12-13,0,0.8,20.5,23,0,0,78.8,grassland
Baigts de Bearn Est,43.5141053,-0.813908,2018-12-14,0,0.6,20.7,7,0,0,78.9,grassland
Baigts de Bearn Est,43.514263,-0.8152402,2018-12-15,0,3,18.8,10,1,0,78.3,grassland
Baigts de Bearn Est,43.5142735,-0.8156937,2018-12-16,0,3.2,18.9,44,3,0,78.6,grassland
Baigts de Bearn Est,43.5143583,-0.8154822,2018-12-17,0,2.4,19.1,36,1,0,78.5,grassland
Baigts de Bearn Est,43.5141447,-0.8156817,2018-12-18,0,2.5,19,25,6,0,79.1,grassland
Baigts de Bearn Est,43.5140208,-0.8153205,2018-12-19,0,0.4,20.2,481,9,0,79.2,grassland
Baigts de Bearn Est,43.5142307,-0.8155012,2018-12-20,0,0.3,20.6,272,1,0,79.1,grassland
Baigts de Bearn Est,43.514072,-0.8155028,2018-12-21,0,3.2,18.9,180,7,0,79,grassland
Baigts de Bearn Est,43.514094,-0.8156273,2018-12-22,0,1.1,20,37,8,0,79.1,grassland
Baigts de Bearn Est,43.5139885,-0.8154692,2018-12-23,0,0.6,20.2,36,3,0,79,grassland
Baigts de Bearn Est,43.5141927,-0.8158915,2018-12-24,0,2,20.4,90,3,0,79,grassland
Baigts de Bearn Est,43.5139147,-0.8158785,2018-12-25,0,0.3,20.7,21,3,0,78.9,grassland
Baigts de Bearn Est,43.5140095,-0.815701,2018-12-26,0,0,21.1,3,0,0,78.9,grassland
Baigts de Bearn Est,43.5139962,-0.8157095,2018-12-27,0,0.6,20.7,7,1,0,78.8,grassland
Baigts de Bearn Est,43.5140443,-0.815442,2018-12-28,0,2.1,19.8,29,7,0,78.9,grassland
Baigts de Bearn Est,43.514007,-0.8152568,2018-12-29,0,3.1,19.4,21,7,0,78.5,grassland
Baigts de Bearn Est,43.514204,-0.81516,2018-12-30,0,1.4,20,11,3,0,78.7,grassland
Baigts de Bearn Est,43.5143007,-0.8147607,2018-12-31,0,1.1,20.7,39,2,0,78.8,grassland
Baigts de Bearn Est,43.514253,-0.8147937,2019-01-01,0,0.8,20.6,17,2,0,78.8,grassland
Baigts de Bearn Est,43.5143948,-0.8147307,2019-01-02,0,2.9,19.7,34,4,0,78.8,grassland
Baigts de Bearn Est,43.5141988,-0.8147143,2019-01-03,0,0.5,20.3,43,3,0,79,grassland
Baigts de Bearn Est,43.514367,-0.8137635,2019-01-04,0,2.8,18.8,12,2,0,78.4,grassland
Baigts de Bearn Est,43.5144187,-0.8131142,2019-01-05,0,2.7,18.8,3,1,0,78.7,grassland
Baigts de Bearn Est,43.5144518,-0.8130212,2019-01-06,0,2.3,19.1,37,2,0,79.2,grassland
Baigts de Bearn Est,43.5143572,-0.8134487,2019-01-07,0,0.9,20.1,27,4,0,78.9,grassland
Baigts de Bearn Est,43.514164,-0.8154588,2019-01-08,0,0.9,20.2,17,3,0,78.8,grassland
Baigts de Bearn Est,43.5142368,-0.815536,2019-01-09,0,0.9,20.4,43,2,0,78.8,grassland
Baigts de Bearn Est,43.5143868,-0.815549,2019-01-10,0,2.5,19.1,46,6,0,78.6,grassland
Baigts de Bearn Est,43.5144052,-0.815498,2019-01-11,0,2.1,19.2,14,1,0,78.7,grassland
Baigts de Bearn Est,43.5145433,-0.8155877,2019-01-12,0,2.2,19.1,4,2,0,78.7,grassland
Baigts de Bearn Est,43.514522,-0.8153997,2019-01-13,0,5,17.4,198,14,0,78.6,grassland
Baigts de Bearn Est,43.514587,-0.8152367,2019-01-14,0,1.4,19.9,10,1,0,78.8,grassland
Baigts de Bearn Est,43.5149555,-0.8155757,2019-01-15,0,4.2,18.4,12,2,0,78.3,grassland
Baigts de Bearn Est,43.5150095,-0.8156217,2019-01-16,0,2.8,18.8,84,7,0,78.9,grassland
Baigts de Bearn Est,43.5152818,-0.8157892,2019-01-17,0,0.5,20.4,55,6,0,78.9,grassland
Baigts de Bearn Est,43.5151345,-0.8155323,2019-01-18,0,0.6,20.3,51,5,0,78.8,grassland
Baigts de Bearn Est,43.5136577,-0.8150347,2019-01-19,0,0.1,21,9,1,0,78.8,grassland
Baigts de Bearn Est,43.5134932,-0.8149928,2019-01-20,0,1.2,20.4,5,2,0,78.6,grassland
Baigts de Bearn Est,43.5134188,-0.8146185,2019-01-21,0,0,20.6,0,0,0,78.9,grassland
Baigts de Bearn Est,43.51366,-0.8147987,2019-01-22,0,1,21.1,0,0,0,78.7,grassland
Baigts de Bearn Est,43.5138038,-0.8147367,2019-01-23,0,3.1,20.7,0,1,0,78.3,grassland
,,,2019-01-24,0.1,0.1,20.6,0,0,0,79.2,Forest
,43.1388272,-0.1686737,2019-01-25,0,0.1,19.6,90,1,0,79.4,Forest
,43.1387493,-0.168824,2019-01-26,0,0.2,20.5,25,0,0,79.4,Forest
,43.1384858,-0.1686475,2019-01-27,0,0.7,19.7,0,0,0,79.1,Forest
,43.1382072,-0.168565,2019-01-28,0,0.4,20.2,0,0,0,79,Forest
,43.1379268,-0.1686077,2019-01-29,0,1.3,20.7,3,0,0,78.9,Forest
,43.1376778,-0.1684727,2019-01-30,0.1,0.5,20.7,2,0,1,78.9,Forest
,43.1375073,-0.1684282,2019-01-31,0.1,0.2,20.8,0,0,1,78.9,Grassland
,43.1374603,-0.1684327,2019-02-01,0.1,0.2,20.8,2,0,0,79.1,Grassland
,43.1375377,-0.168434,2019-02-02,0,1.2,20.8,1,1,0,79,Grassland
,43.137183,-0.1684568,2019-02-03,0,0.6,19.9,2,1,0,79,Grassland
,43.1371375,-0.1683153,2019-02-04,0,0.7,20.6,3,0,0,79.1,Grassland
,43.131488,-0.274979,2019-02-05,0,0.4,20.6,19,1,0,79.4,Grassland
,43.131462,-0.275243,2019-02-06,0,1.2,19.6,24,2,0,79.4,Grassland
,43.131639,-0.2751,2019-02-07,0,0.8,19.6,20,0,0,79.4,Grassland
,43.13134,-0.275041,2019-02-08,0,1,20.2,164,6,0,79.4,Grassland
,43.131297,-0.275039,2019-02-09,0,0.6,19.8,62,2,0,79.4,Grassland
,43.131318,-0.274652,2019-02-10,0,2,18.3,57,2,0,79.4,Grassland
,43.1116397,-0.3242408,2019-02-11,0,1.1,20.3,5,0,0,79.9,Grassland
,43.1116088,-0.3238962,2019-02-12,0,0.1,19.5,2,0,0,79.8,Grassland
,43.108082,-0.350998,2019-02-13,0,0.1,20.2,2,0,0,79.7,Grassland
,43.1081138,-0.351282,2019-02-14,0,1.2,18.7,6,1,0,79.7,Grassland
,43.1082883,-0.3516793,2019-02-15,0,1.3,17.4,7,0,0,79.9,Grassland
,43.1081693,-0.3517823,2019-02-16,0,0.2,19.9,4,0,0,79.7,Grassland
,43.1081807,-0.3510108,2019-02-17,0,2.1,18.4,5,1,0,80,Grassland
,43.088725,-0.3967335,2019-02-18,0.4,0.6,19,11,1,0,80,Grassland
,43.0887727,-0.3968948,2019-02-19,0,0.8,19.6,7,0,0,79.6,Grassland
,43.0885787,-0.3971612,2019-02-20,0,1.4,18.9,6,1,0,79.8,Grassland
,43.0886067,-0.3974758,2019-02-21,0,0.6,19.1,3,0,0,79.3,Grassland
,43.211217,-0.422498,2019-02-22,0,0.6,20.8,25,1,0,79.1,Grassland
,43.2110345,-0.4223792,2019-02-23,0,0.3,20.7,7,1,0,79,Grassland
,43.21113,-0.4221492,2019-02-24,0,0.1,20.8,63,2,0,79.4,Grassland
,43.2110465,-0.4220678,2019-02-25,0,0.8,18.9,43,4,0,79,Grassland
Caubiou (Gan),43.2111117,-0.422629,2019-02-26,0,0.4,20.7,129,8,0,79.1,Grassland
Mounicq,43.514026,-0.813991,2019-02-27,0,0.1,20.3,1,0,0,79.6,Grassland
Mounicq,43.513997,-0.814011,2019-02-28,0,0.3,20.1,8,0,0,79.6,Grassland
Mounicq,43.514023,-0.813992,2019-03-01,0,0.1,20.2,5,0,0,79.6,Grassland
Mounicq,43.51399,-0.814035,2019-03-02,0,0.5,20,4,0,0,79.6,Grassland
Mounicq,43.514036,-0.813942,2019-03-03,0,0.2,20.2,1,0,0,79.5,Grassland
Mounicq,43.514049,-0.8139,2019-03-04,0,0.1,20.2,8,0,0,79.5,Grassland
Mounicq,43.513882,-0.814312,2019-03-05,0,5.1,18.5,7,1,0,79.5,Grassland
Mounicq,43.513889,-0.814352,2019-03-06,0,2.2,20.2,0,0,0,79,Grassland
Mounicq,43.513798,-0.814668,2019-03-07,0,0.7,19,3,0,0,79.5,Grassland
Mounicq,43.513795,-0.814722,2019-03-08,0,1.5,19.3,0,0,0,79.2,Grassland
Mounicq,43.51414,-0.815489,2019-03-09,0,0.3,19.3,0,0,0,79.4,Grassland
Mounicq,43.514114,-0.815467,2019-03-10,0,0.1,20.6,4,0,0,79.4,Grassland
Mounicq,43.514573,-0.81541,2019-03-11,0,1.6,19.6,1,0,0,79.1,Grassland
Mounicq,43.513909,-0.815893,2019-03-12,0,1,19.7,1,0,0,79.2,Grassland
Mounicq,43.513909,-0.815893,2019-03-13,0,0.1,20.6,2,0,0,79.2,Grassland
Mounicq,43.513948,-0.815845,2019-03-14,0,0.1,20.6,1,0,0,79.2,Grassland
Mounicq,43.5138833,-0.8147932,2019-03-15,0,9.6,9.8,20,3,0,80.3,Grassland
Mounicq,43.5139297,-0.8146985,2019-03-16,0,1.6,18.7,44,23,0,79.8,Grassland
Mounicq,43.5140058,-0.8140223,2019-03-17,0,0.5,20.5,27,2,0,79.2,Grassland
Mounicq,43.513992,-0.8139583,2019-03-18,0,0.4,20.6,25,3,0,79.1,Grassland
Mounicq,43.5139398,-0.81397,2019-03-19,0,0.7,20.5,43,6,0,79.1,Grassland
Col d'Aubisque ,42.9855167,-0.3314065,2019-03-20,0,0.5,19.3,6,0,0,80.3,Meadow
Col d'Aubisque ,42.9855188,-0.3312992,2019-03-21,0,0.7,19,15,1,0,80.3,Meadow
Col d'Aubisque ,42.9855005,-0.3311102,2019-03-22,0,0.8,19.1,14,1,0,80.2,Meadow
Col d'Aubisque ,42.9854392,-0.3308743,2019-03-23,0,0.4,19.1,17,1,0,80.5,Meadow
Col d'Aubisque ,42.9862565,-0.3301202,2019-03-24,0,0.2,19,0,0,0,80.8,Meadow
Col d'Aubisque ,42.9862497,-0.330007,2019-03-25,0,0.2,19,0,0,0,80.8,Meadow
Col d'Aubisque ,42.9870337,-0.3300337,2019-03-26,0,4.2,16.1,18,1,0,80.3,Meadow
Col d'Aubisque ,42.9870158,-0.3300568,2019-03-27,0,5.5,14.5,24,1,0,80.5,Meadow
Col d'Aubisque ,42.9873523,-0.3303867,2019-03-28,0,1.7,17.9,6,1,0,80.2,Meadow
Col d'Aubisque ,42.9874262,-0.330407,2019-03-29,0,1.8,18.1,43,3,0,80.5,Meadow
Col d'Aubisque ,42.9875025,-0.3303015,2019-03-30,0,2.9,17,23,2,0,80.5,Meadow
Col d'Aubisque ,42.9867458,-0.3302602,2019-03-31,0,0.9,18.6,17,2,0,81.8,Meadow
Col d'Aubisque ,42.9864895,-0.3303795,2019-04-01,0,1.2,15.1,12,2,0,79.9,Meadow
Col d'Aubisque ,42.9858352,-0.3324132,2019-04-02,0,0.3,19,11,1,0,80.1,Meadow
Barrage eaux bonnes ,42.9708527,-0.382173,2019-04-03,61.9,0.1,2.9,3,2,0,35.1,Meadow
Barrage eaux bonnes ,42.9708515,-0.3821882,2019-04-04,62.2,0.1,2.3,4,1,0,35.5,Meadow
Barrage eaux bonnes ,42.9740153,-0.4057928,2019-04-05,0,0,20.3,0,0,0,79.6,Meadow
Barrage eaux bonnes ,42.9739172,-0.4052458,2019-04-06,0,0.4,19.9,5,34,0,73.6,Meadow
Barrage eaux bonnes ,42.9738957,-0.4052932,2019-04-07,0,0.4,19.6,11,4,0,79.6,Meadow
Col de jaut ,43.2247428,-0.3891853,2019-04-08,0,0.1,20.4,0,0,0,79.5,Meadow
Col de jaut ,43.2247343,-0.3891973,2019-04-09,0,0.1,20.4,0,0,0,79.6,Meadow
Col de jaut ,43.0370277,-0.339386,2019-04-10,0,0.5,20.1,3,1,0,79.8,Meadow
Col de jaut ,43.036715,-0.3393897,2019-04-11,0,0.3,19.9,2,1,0,80.3,Meadow
Col de jaut ,43.0367558,-0.3393977,2019-04-12,0,0.5,19.5,3,1,0,80.4,Meadow
Col de jaut ,43.0365232,-0.3397915,2019-04-13,0,0.1,19.5,0,0,0,80.2,Meadow
Col de jaut ,43.0364357,-0.3397945,2019-04-14,0,0,19.6,1,1,0,80.4,Meadow
Col de jaut ,43.036025,-0.3392862,2019-04-15,0,0.1,19.6,1,0,0,80.3,Meadow
Col de jaut ,43.0355605,-0.3394853,2019-04-16,0,0.3,19.8,12,3,0,79.9,Meadow
Col de jaut ,43.035912,-0.3366683,2019-04-17,0,0.1,20,5,1,0,79.6,Meadow
Col de jaut ,43.0372987,-0.3358932,2019-04-18,0,0.2,20.5,42,5,0,79.4,Meadow
Col de jaut ,43.0371123,-0.3360022,2019-04-19,0,0.1,20.5,4,1,0,79.6,Meadow
Col de jaut ,43.0369422,-0.3358238,2019-04-20,0,0.2,20.1,1,0,0,79.7,Meadow
Col de jaut ,43.0367185,-0.3357442,2019-04-21,0,0.1,20.2,0,1,0,79.8,Meadow
Col de jaut ,43.0364007,-0.3352825,2019-04-22,0,0.2,20.2,14,1,0,79.8,Meadow
Col de jaut ,43.0361442,-0.3351892,2019-04-23,0,0.1,20,0,0,0,79.7,Meadow
Col de jaut ,43.0361437,-0.3350595,2019-04-24,0,0.1,20.1,0,0,0,79.8,Meadow
Col de jaut ,43.0356312,-0.3350325,2019-04-25,0,0.1,20.1,1,1,0,79.8,Meadow
Col de jaut ,43.0350217,-0.3347173,2019-04-26,0,0.2,20,2,1,0,79.8,Meadow
Col de jaut ,43.0357407,-0.3432125,2019-04-27,0,0,20.3,11,4,0,79.8,Meadow
Col de jaut ,43.0360637,-0.3513557,2019-04-28,0,0.4,19.9,2,2,0,79.7,Meadow
Col de jaut ,43.04735,-0.3654518,2019-04-29,0,0.1,20.6,2,0,0,79.2,Meadow
Col de jaut ,43.0464123,-0.3644613,2019-04-30,0,0.3,20.5,3,1,0,79.4,Meadow
Col de jaut ,43.0461813,-0.3642105,2019-05-01,0,0.1,20.6,1,1,0,79.3,Meadow
Col de jaut ,43.045905,-0.3640315,2019-05-02,0,0.2,20.6,1,1,0,79.2,Meadow
Col de jaut ,43.045446,-0.364038,2019-05-03,0,0.1,20.8,0,0,0,79.1,Meadow
Col de jaut ,43.0462642,-0.3648683,2019-05-04,0,0.3,20.7,0,2,0,79,Meadow
Col de jaut ,43.0465802,-0.3653627,2019-05-05,0,0.2,20.9,0,2,0,78.9,Meadow
Col de jaut ,43.0466162,-0.3654045,2019-05-06,0,0.3,20.7,4,2,0,79,Meadow
Col de jaut ,43.0466392,-0.3652797,2019-05-07,0,0.3,20.9,2,1,0,78.8,Meadow
Col de jaut ,43.0476127,-0.3657247,2019-05-08,0,0.1,21.1,0,1,0,78.3,Meadow
Col de jaut ,43.0476217,-0.3657883,2019-05-09,0,2,19.6,1,0,0,78.4,Meadow
Col de jaut ,43.0475088,-0.3657617,2019-05-10,0,1.9,19.7,4,2,0,78.9,Meadow
Col de jaut ,43.0476513,-0.3658627,2019-05-11,0,2.6,20.6,5,2,0,77.8,Meadow
Col de jaut ,43.0526087,-0.3668763,2019-05-12,0,0.3,21,0,0,0,78.9,Meadow
Sauveterre,43.406295,-0.9520922,2019-05-13,0,0.1,20.4,17,0,0,79.7,Grassland
Sauveterre,43.4063655,-0.9521858,2019-05-14,0,0.8,19.5,161,11,0,79.7,Grassland
Sauveterre,43.4065052,-0.9521783,2019-05-15,0,1.4,19.1,162,3,1,79.8,Grassland
Sauveterre,43.406458,-0.9521377,2019-05-16,0,0.3,19.7,6,1,1,80.1,Grassland
Sauveterre,43.4064745,-0.9521225,2019-05-17,0,1.6,18.8,3,1,1,79.8,Grassland
Sauveterre,43.4062347,-0.9523353,2019-05-18,0,1.3,18.9,102,3,1,79.8,Grassland
Sauveterre,43.4061208,-0.9524217,2019-05-19,0,0.7,19.5,71,2,1,80.1,Grassland
Sauveterre,43.4060822,-0.9529282,2019-05-20,0,0.2,19.7,24,1,0,80,Grassland
Sauveterre,43.4058283,-0.9528947,2019-05-21,0,0.2,19.8,4,0,0,79.9,Grassland
Sauveterre,43.4054635,-0.9535103,2019-05-22,0,0.5,19.8,24,1,0,79.8,Grassland
Sauveterre,43.4054753,-0.9535352,2019-05-23,0,0.2,19.8,31,0,0,79.9,Grassland
Sauveterre,43.4052873,-0.9539707,2019-05-24,0,0.2,19.9,15,1,0,79.8,Grassland
Sauveterre,43.406069,-0.953287,2019-05-25,0,0.1,20.1,60,2,0,79.7,Grassland
Sauveterre,43.4061397,-0.9529755,2019-05-26,0,0.7,19.7,16,1,0,79.7,Grassland
Sauveterre,43.4064295,-0.952546,2019-05-27,0,0.3,20,113,7,0,79,Grassland
Sauveterre,43.4063012,-0.9523878,2019-05-28,0,2.4,18.6,77,7,0,79.4,Grassland
Sauveterre,43.4062378,-0.9520887,2019-05-29,0,0.7,19.9,69,7,0,79.3,Grassland
Sauveterre,43.4064185,-0.952216,2019-05-30,0,2.3,18.8,244,16,0,79.1,Grassland
Sauveterre,43.4061882,-0.9519558,2019-05-31,0,0.8,20.1,126,5,0,79.6,Grassland
Sauveterre,43.4060688,-0.9519832,2019-06-01,0,0.3,19.7,78,3,0,79.8,Grassland
Sauveterre,43.4056862,-0.9513603,2019-06-02,0,2.2,18.8,239,15,1,79.8,Grassland
Sauveterre,43.4057462,-0.950819,2019-06-03,0,0.4,19.8,15,4,0,79.8,Grassland
Sauveterre,43.4062242,-0.9473397,2019-06-04,0,0.1,20.3,37,5,0,79.4,Grassland
Sauveterre,43.405744,-0.9476132,2019-06-05,0,0.1,20.5,123,2,0,79.3,Grassland
Sauveterre,43.4057787,-0.9474778,2019-06-06,0,0,20.7,140,2,0,79.3,Grassland
Sauveterre,43.4050293,-0.9477565,2019-06-07,0,0,20.7,96,2,0,79.2,Grassland
Sauveterre,43.4049567,-0.9478438,2019-06-08,0,0,20.7,136,2,0,79.1,Grassland
Sauveterre,43.4050935,-0.9475672,2019-06-09,0,0.1,20.8,22,1,0,79.1,Grassland
Sauveterre,43.4048065,-0.9477357,2019-06-10,0,0.1,20.6,28,2,0,79.2,Grassland
Sauveterre,43.404909,-0.9484418,2019-06-11,0,0,20.7,24,7,0,79.3,Grassland
Sauveterre,43.4049743,-0.9484315,2019-06-12,0,2.9,19,53,5,0,79.1,Grassland
Sauveterre,43.4050042,-0.9485057,2019-06-13,0,0.2,20.2,179,11,0,79.1,Grassland
Sauveterre,43.4050827,-0.948584,2019-06-14,0,0.5,20.4,140,13,0,79.1,Grassland
Sauveterre,43.4050778,-0.9484705,2019-06-15,0,10.3,13.7,63,4,0,79.1,Grassland
Sauveterre,43.4052608,-0.9484563,2019-06-16,0,1.1,19.8,63,7,0,79.2,Grassland
Sauveterre,43.4049063,-0.9497502,2019-06-17,0,1.3,20.1,50,2,0,79,Grassland
Sauveterre,43.4048073,-0.9500558,2019-06-18,0,1.2,20.8,98,6,0,79,Grassland
Sauveterre,43.404701,-0.949978,2019-06-19,0,1.8,19.8,40,4,0,79,Grassland
Sauveterre,43.4050028,-0.9500803,2019-06-20,0,3.2,20.8,80,5,0,78.1,Grassland
Sauveterre,43.4051152,-0.950135,2019-06-21,0,3.8,18.6,46,5,0,78.2,Grassland
Sauveterre,43.4601945,-0.9186425,2019-06-22,0,1.4,20.4,9,1,0,79.5,Grassland
Salies,43.4600637,-0.9185095,2019-06-23,0,2.1,19.4,58,4,0,79.6,Grassland
Salies,43.4599923,-0.9184705,2019-06-24,0,3.7,20,127,6,0,79.6,Grassland
Salies,43.4598017,-0.9183578,2019-06-25,0,0.1,18.9,10,1,0,79.7,Grassland
Salies,43.45982,-0.918518,2019-06-26,0,0.3,19.9,35,3,0,79.7,Grassland
Salies,43.461049,-0.9199343,2019-06-27,0,2.1,20.1,28,3,0,79.5,Grassland
Salies,43.4609913,-0.9198873,2019-06-28,0,0.4,18.4,52,2,0,79.6,Grassland
Salies,43.4614787,-0.9200742,2019-06-29,0,1,20.3,47,4,0,79.5,Grassland
Salies,43.4615705,-0.9199088,2019-06-30,0,0.2,19.6,112,5,0,79.5,Grassland
Salies,43.4418002,-0.9096175,2019-07-01,0,0.6,20.5,0,0,0,79.1,Grassland
Salies,43.441686,-0.9093172,2019-07-02,0,0.3,20.2,0,0,0,79.1,Grassland
Salies,43.4416507,-0.9093002,2019-07-03,0,0.3,20.8,1,3,0,79.2,Grassland
Salies,43.441461,-0.9088832,2019-07-04,0,0.9,20.6,5,5,0,79.3,Grassland
Peyrorade,43.5322783,-1.1110078,2019-07-05,0,2.5,20.8,16,0,0,78.9,Grassland
Peyrorade,43.532243,-1.1113287,2019-07-06,0,6,16.9,33,1,0,79.1,Grassland
Peyrorade,43.5320515,-1.1111785,2019-07-07,0,0.6,19.4,3,1,0,79.3,Grassland
Peyrorade,43.5321095,-1.110923,2019-07-08,0,0.5,20.2,21,1,0,79.3,Grassland
Peyrorade,43.5317287,-1.1105643,2019-07-09,0,0.3,20.4,49,13,0,78.2,Grassland
Peyrorade,43.5317122,-1.110602,2019-07-10,0,8.4,14.9,62,5,0,78.2,Grassland
La Bourgade,43.519447,-1.1872112,2019-07-11,2.2,2.3,17.1,5,1,0,79,Forest
La Bourgade,43.51985,-1.1868265,2019-07-12,0,0.5,18.9,0,0,0,79.2,Forest
La Bourgade,43.5197185,-1.18639,2019-07-13,0,3.1,20.5,10,1,0,78.8,Forest
La Bourgade,43.5196368,-1.1861458,2019-07-14,0,2.7,18.7,11,2,0,79,Forest
La Bourgade,43.5190767,-1.1857685,2019-07-15,0,1.5,20,13,6,0,79,Forest
Sud Bardos,43.4454512,-1.1929778,2019-07-16,0,0.4,20.8,13,1,0,79,Grassland
Sud Bardos,43.445497,-1.1927538,2019-07-17,0,0.3,20,3,0,0,79.2,Grassland
Sud Bardos,43.4455457,-1.192511,2019-07-18,0,0.4,20.6,56,6,0,79.4,Grassland
Sud Bardos,43.4455953,-1.1920682,2019-07-19,0,2.4,20.3,85,1,0,79.1,Grassland
Sud Bardos,43.4457232,-1.1918822,2019-07-20,0,1.1,19.7,11,1,0,79.2,Grassland
Isturitz,43.3583435,-1.2023857,2019-07-21,0,0.4,20.4,6,1,0,79.2,Grassland
Isturitz,43.3583735,-1.2024238,2019-07-22,0,1.2,20.4,23,3,0,79.4,Grassland
Isturitz,43.358348,-1.2023182,2019-07-23,0,0.9,19.6,43,3,0,79.3,Grassland
Isturitz,43.3584147,-1.2020327,2019-07-24,0,0.2,20,8,0,0,79.4,Grassland
Isturitz,43.3583502,-1.2018648,2019-07-25,0,2.2,19,2,1,0,79.1,Grassland
Iholdy,43.267639,-1.197437,2019-07-26,0,0.2,20.4,2,1,0,79.4,Grassland
Iholdy,43.2674747,-1.197617,2019-07-27,0,0.5,20,0,0,0,79.4,Grassland
Iholdy,43.2676587,-1.1971837,2019-07-28,0,0.9,19.8,0,1,0,79.5,Grassland
Iholdy,43.267653,-1.1969072,2019-07-29,0,2.5,19,2,1,0,79.1,Grassland
Iholdy,43.267733,-1.1968197,2019-07-30,0,1.3,19.4,3,2,0,79.4,Grassland
Bois d'Ostabat,43.2823257,-1.0636998,2019-07-31,0,3.1,20.6,9,1,0,79.1,Meadow
Bois d'Ostabat,43.2822602,-1.0637965,2019-08-01,0,0.9,19.5,4,2,0,79.5,Meadow
Bois d'Ostabat,43.2816455,-1.0640533,2019-08-02,0,0.4,20.3,2,1,0,79.6,Meadow
Bois d'Ostabat,43.2816602,-1.0640897,2019-08-03,0,0.3,20.3,1,2,0,79.6,Meadow
Bois d'Ostabat,43.2814052,-1.063956,2019-08-04,0,0.2,20.2,0,1,0,79.6,Meadow
Gabat,43.3735083,-1.0727082,2019-08-05,0,0.2,20.6,0,0,0,79.4,Grassland
Gabat,43.3732838,-1.0725687,2019-08-06,0,0.4,20.4,1,1,0,79.4,Grassland
Gabat,43.373425,-1.0725618,2019-08-07,0,0.9,20.4,4,1,0,79.5,Grassland
Gabat,43.3733603,-1.0725313,2019-08-08,0,3.4,20.3,3,2,0,79.4,Grassland
Gabat,43.3732188,-1.0723843,2019-08-09,0,0.4,20.1,1,1,0,79.8,Grassland
Arancour,43.3730985,-1.0723475,2019-08-10,0,0.2,17.4,4,3,0,79.7,Grassland
Arancour,43.4457292,-1.0562008,2019-08-11,0,0.6,20.5,7,1,0,79.5,Grassland
Arancour,43.4456137,-1.0562312,2019-08-12,0,0.1,20.3,25,4,0,79.6,Grassland
Arancour,43.4456773,-1.056222,2019-08-13,0,3.4,17.3,33,5,0,79.2,Grassland
Arancour,43.4456302,-1.0561183,2019-08-14,0,0.6,18.3,22,5,0,79.7,Grassland
Arancour,43.4455257,-1.0562003,2019-08-15,0,0.3,20,19,3,0,79.9,Grassland
Pouillot,43.5461978,-0.9448968,2019-08-16,0,1.8,19.2,7,2,0,79.3,Grassland
Pouillot,43.5462223,-0.944911,2019-08-17,0,0.3,19.8,18,1,0,79.5,Grassland
Pouillot,43.546087,-0.9446598,2019-08-18,0,0.3,20.2,25,2,0,79.5,Grassland
Pouillot,43.5461423,-0.944765,2019-08-19,0,0.2,20.3,13,1,0,79.5,Grassland
Pouillot,43.5462638,-0.9448292,2019-08-20,0,0.1,20.4,9,0,0,79.6,Grassland
Salies de Bearn,43.4600637,-0.9185095,2019-08-21,0,2.1,19.4,58,4,0,79.6,Grassland
Salies de Bearn,43.4599923,-0.9184705,2019-08-22,0,3.7,20,127,6,0,79.6,Grassland
Salies de Bearn,43.4598017,-0.9183578,2019-08-23,0,0.1,18.9,10,1,0,79.7,Grassland
Salies de Bearn,43.45982,-0.918518,2019-08-24,0,0.3,19.9,35,3,0,79.7,Grassland
Salies de Bearn,43.461049,-0.9199343,2019-08-25,0,2.1,18.4,28,3,0,79.5,Grassland
Saint Laurent Bretagne ,43.382039,-0.196688,2019-08-26,0,0.4,,2,0,0,79.2,Grassland
Saint Laurent Bretagne ,43.3822223,-0.1968628,2019-08-27,0,0.3,20.5,0,0,0,79.2,Grassland
Saint Laurent Bretagne ,43.3823007,-0.196851,2019-08-28,0,0.2,20.6,0,0,0,79.2,Grassland
Saint Laurent Bretagne ,43.382455,-0.1970817,2019-08-29,0,0.9,20.6,2,2,0,79.1,Grassland
Saint Laurent Bretagne ,43.3823552,-0.1972187,2019-08-30,0,0.4,19.7,10,1,0,79.2,Grassland
Lannecaube,43.482156,-0.2106413,2019-08-31,0,4.2,20.9,47,8,0,78.2,Grassland
Lannecaube,43.4823757,-0.2107055,2019-09-01,0,0.9,17.7,17,1,0,79.3,Grassland
Lannecaube,43.4826915,-0.2110172,2019-09-02,0,0.7,20.1,20,3,0,79.4,Grassland
Lannecaube,43.4825608,-0.2112873,2019-09-03,0,1.2,20.1,8,1,0,79.6,Grassland
Lannecaube,43.4826923,-0.2111628,2019-09-04,0,0.5,20,37,2,0,79.6,Grassland
Castetpugon,43.56341,-0.221285,2019-09-05,0,0.1,20.8,0,1,0,79.1,Grassland
Castetpugon,43.563205,-0.221293,2019-09-06,0,0.1,20.8,1,2,0,79.1,Grassland
Castetpugon,43.5635,-0.221096,2019-09-07,0,0.1,20.8,9,2,0,79.1,Grassland
Castetpugon,43.563712,-0.220018,2019-09-08,0,0.1,20.8,13,3,0,78.9,Grassland
Castetpugon,43.563496,-0.220687,2019-09-09,0,0.7,20.6,5,1,0,78.8,Grassland
Sensacq,43.581888,-0.3498228,2019-09-10,0,1.5,21.1,25,2,0,78.7,Grassland
Sensacq,43.5818815,-0.3496455,2019-09-11,0.2,0.6,20.8,29,3,0,79,Grassland
Sensacq,43.5819003,-0.349664,2019-09-12,0.2,1.7,20.8,52,5,0,78.8,Grassland
Sensacq,43.5817715,-0.3496043,2019-09-13,0,0.9,19.7,16,3,0,79,Grassland
Sensacq,43.5818272,-0.3493813,2019-09-14,0.5,1.9,20.7,7,2,0,79,Grassland
Méracq,43.5127292,-0.3937743,2019-09-15,0,1.9,21,9,2,0,78.7,Grassland
Méracq,43.5126915,-0.3936115,2019-09-16,0,0.4,20.1,7,2,0,79,Grassland
Méracq,43.5127433,-0.3937737,2019-09-17,0,0.6,20.7,13,2,0,79,Grassland
Méracq,43.5127513,-0.3938117,2019-09-18,0,0.3,20.8,13,3,0,79.1,Grassland
Méracq,43.512779,-0.3939523,2019-09-19,0,0.1,20.8,1,0,0,79,Grassland
Navailles-Angos,43.4048048,-0.3460903,2019-09-20,0,0.1,20.8,20,2,0,79.2,Grassland
Navailles-Angos,43.4049242,-0.3459295,2019-09-21,0,0.1,20.6,4,1,0,79.3,Grassland
Navailles-Angos,43.4051278,-0.3458833,2019-09-22,0,0.1,20.6,3,1,0,79.4,Grassland
Navailles-Angos,43.4051463,-0.3458775,2019-09-23,0,0.1,20.5,2,0,0,79.3,Grassland
Navailles-Angos,43.4052283,-0.34561,2019-09-24,0,0.1,20.5,0,1,0,79.4,Grassland
Uzein,43.3963883,-0.4413152,2019-09-25,0,0.3,20.8,1,1,0,79.1,Grassland
Uzein,43.3964923,-0.4411737,2019-09-26,0,0.3,20.6,1,0,0,79.1,Grassland
Uzein,43.3965125,-0.4411445,2019-09-27,0,0.8,20.7,2,0,0,79.2,Grassland
Uzein,43.3967053,-0.44101,2019-09-28,0,0.9,20.5,3,1,0,79.1,Grassland
Uzein,43.3967993,-0.4407933,2019-09-29,0,1.2,20.4,12,1,0,79.2,Grassland
Esterencuby,43.10543,-1.186444,2019-09-30,0,1.7,21.4,102,2,0,78.6,Meadow
Esterencuby,43.1050473,-1.1865923,2019-10-01,0,0.6,21.2,22,2,0,78.5,Meadow
Esterencuby,43.1050828,-1.186745,2019-10-02,0,1.9,21,44,1,0,78.4,Meadow
Esterencuby,43.1051638,-1.1869062,2019-10-03,0,0.8,20.6,0,0,0,78.3,Meadow
Esterencuby,43.1053518,-1.1873122,2019-10-04,0,1.1,20.8,20,1,0,78.5,Meadow
Errozate,43.0421115,-1.1512307,2019-10-05,0.1,1.3,20.7,23,0,0,78.2,Meadow
Errozate,43.0420832,-1.151153,2019-10-06,0,0.5,21.5,22,1,0,78.1,Meadow
Errozate,43.042063,-1.1509862,2019-10-07,0,0,21.5,7,0,0,78,Meadow
Errozate,43.0420977,-1.1508618,2019-10-08,0,1,21.8,20,0,0,77.9,Meadow
Errozate,43.0422695,-1.1510965,2019-10-09,0.3,3.8,21.4,757,2,1,79.2,Meadow
Zazpigain,43.010437,-1.0381133,2019-10-10,0,1.5,21.4,21,1,0,78.1,Meadow
Zazpigain,43.0103353,-1.0380397,2019-10-11,0,2.2,21,23,1,0,78.2,Meadow
Zazpigain,43.0103772,-1.0379608,2019-10-12,0,3.2,21,24,2,0,78,Meadow
Zazpigain,43.0103283,-1.0377065,2019-10-13,0,2.2,20.4,29,1,0,78.1,Meadow
Zazpigain,43.0103827,-1.0379102,2019-10-14,0,1.8,20.7,36,1,0,78.1,Meadow
Pic d'Apanice,43.1007105,-1.0606428,2019-10-15,0,0,21.2,0,2,0,78.7,Meadow
Pic d'Apanice,43.1008053,-1.0605382,2019-10-16,0,0.1,21.1,0,0,1,78.7,Meadow
Pic d'Apanice,43.1009075,-1.0605448,2019-10-17,0,0,21.2,0,1,1,78.7,Meadow
Pic d'Apanice,43.100888,-1.0603988,2019-10-18,0,0.1,19.6,0,1,1,78.8,Meadow
Pic d'Apanice,43.1010298,-1.0605342,2019-10-19,0,0.2,21.2,0,2,1,78.7,Meadow
Alcay,43.0955535,-0.9151655,2019-10-20,0,0.6,21.1,0,0,1,78.7,Meadow
Alcay,43.095646,-0.9150953,2019-10-21,0,0.5,20.9,0,0,1,79,Meadow
Alcay,43.095548,-0.9149188,2019-10-22,0,2.9,20.6,18,1,1,79.2,Meadow
Alcay,43.0958222,-0.9147098,2019-10-23,0,0.9,20.3,8,0,1,79.3,Meadow
Alcay,43.0957707,-0.9145617,2019-10-24,0,2.9,20.5,0,0,1,79.4,Meadow
Logibaria,43.0201807,-0.9260017,2019-10-25,0,0.7,21.1,0,1,1,78.9,Meadow
Logibaria,43.0201342,-0.9260115,2019-10-26,0,0.9,20.4,7,1,1,78.8,Meadow
Logibaria,43.0200582,-0.9261505,2019-10-27,0,0.1,21,0,0,1,78.9,Meadow
Logibaria,43.0199327,-0.9259948,2019-10-28,0,0.3,20.9,11,0,1,78.9,Meadow
Logibaria,43.0198845,-0.9260442,2019-10-29,0,0.4,20.8,21,1,1,78.9,Meadow
Pic d'issarbe,43.0182895,-0.795446,2019-10-30,0,2.8,21.1,56,10,1,78.7,Meadow
Pic d'issarbe,43.0182295,-0.7954132,2019-10-31,0,0.2,20.7,50,0,1,78.5,Meadow
Pic d'issarbe,43.0181163,-0.7954387,2019-11-01,0,2.3,21.4,90,2,1,78.3,Meadow
Pic d'issarbe,43.0180052,-0.7952148,2019-11-02,0,1.6,21.2,52,0,1,78.5,Meadow
Pic d'issarbe,43.0178907,-0.7951137,2019-11-03,0,2.9,20.5,80,2,1,78.6,Meadow
Montorry,43.096771,-0.8203107,2019-11-04,0,0.3,21.4,0,0,1,78.4,Grassland
Montorry,43.0968048,-0.8203222,2019-11-05,0,0,21.2,0,0,1,78.7,Grassland
Montorry,43.096962,-0.8203387,2019-11-06,0,1.1,21.1,0,0,1,78.8,Grassland
Montorry,43.0969963,,2019-11-07,0,0.1,20.9,0,0,1,78.8,Grassland
Montorry,43.0968983,-0.8201883,2019-11-08,0,1.1,21.1,0,0,1,78.7,Grassland
Arette,43.108289,-0.70735,2019-11-09,0,0.1,20.9,0,0,1,78.9,Grassland
Arette,43.1083345,-0.7073155,2019-11-10,0,0,20.9,0,0,1,79,Grassland
Arette,43.1082457,-0.7074055,2019-11-11,0,0.5,20.9,0,0,2,78.8,Grassland
Arette,43.108146,-0.7074155,2019-11-12,0,6.7,20.9,0,0,2,78.7,Grassland
Arette,43.1081888,-0.7075103,2019-11-13,0,0.1,16,0,0,1,79,Grassland
Lourdios Ichère,43.0470052,-0.6689227,2019-11-14,0,0,20.9,0,0,1,79,Meadow
Lourdios Ichère,43.0469728,-0.6690297,2019-11-15,0,0,20.9,0,0,1,78.9,Meadow
Lourdios Ichère,43.046963,-0.669014,2019-11-16,0,0.1,20.9,0,0,1,78.9,Meadow
Lourdios Ichère,43.0470198,-0.6689962,2019-11-17,0,0.1,20.8,0,0,2,78.9,Meadow
Lourdios Ichère,43.0470943,-0.6689493,2019-11-18,0,0.6,20.8,0,0,1,79,Meadow
Bustince Iribéry,43.1919467,-1.1851082,2019-11-19,0,0.1,21.3,7,0,1,78.6,Grassland
Bustince Iribéry,43.1920278,-1.1850668,2019-11-20,0,0.2,21.2,17,1,1,78.6,Grassland
Bustince Iribéry,43.1919393,-1.185128,2019-11-21,0,0,21.1,16,0,1,78.6,Grassland
Bustince Iribéry,43.191885,-1.1849463,2019-11-22,0,0.1,21.1,14,1,1,78.6,Grassland
Bustince Iribéry,43.191803,-1.1849278,2019-11-23,0.1,0.4,21.2,29,1,1,78.6,Grassland
Saint Juste Ibarre,43.1893288,-1.0560507,2019-11-24,0,1,21.4,0,0,1,78.3,Grassland
Saint Juste Ibarre,43.1891588,-1.0561777,2019-11-25,0,0.1,20.6,0,1,1,78.8,Grassland
Saint Juste Ibarre,43.1891283,-1.0561238,2019-11-26,0,1.3,20.6,0,1,1,78.7,Grassland
Saint Juste Ibarre,43.1891835,-1.056144,2019-11-27,0,0.1,20.7,0,0,1,78.9,Grassland
Saint Juste Ibarre,43.1890845,-1.0560793,2019-11-28,0,0.1,20.9,0,0,1,78.9,Grassland
Ordiarp,43.1842272,-0.942392,2019-11-29,0,0.9,21,0,0,1,78.9,Grassland
Ordiarp,43.1843442,-0.9425965,2019-11-30,0,0.3,20.7,0,0,1,79,Grassland
Ordiarp,43.1844137,-0.9424638,2019-12-01,0,0.5,20.6,0,0,1,79,Grassland
Ordiarp,43.1844495,-0.9424373,2019-12-02,0,0.9,20.6,9,1,1,79,Grassland
Ordiarp,43.1843845,-0.9424438,2019-12-03,0,0.5,20.6,17,0,1,79,Grassland
Barcus,43.1888432,-0.786773,2019-12-04,0,0.5,21,22,2,1,78.9,Grassland
Barcus,43.1888657,-0.78683,2019-12-05,0,0.4,20.8,19,5,1,78.9,Grassland
Barcus,43.1887922,-0.786783,2019-12-06,0,0.3,20.6,27,4,1,79,Grassland
Barcus,43.188861,-0.786666,2019-12-07,0,1.6,20.4,43,5,1,79.3,Grassland
Barcus,43.1888778,-0.7865522,2019-12-08,0,0.2,20.4,3,0,1,78.9,Grassland
Esquiule,43.194978,-0.7047513,2019-12-09,0,0.2,21.1,0,0,1,78.8,Grassland
Esquiule,43.1950685,-0.7048108,2019-12-10,0,0.2,20.8,0,0,1,78.7,Grassland
Esquiule,43.1949078,-0.7049313,2019-12-11,0,0.7,21.1,0,0,1,78.5,Grassland
Esquiule,43.194932,-0.7049657,2019-12-12,0,0.2,20.7,0,0,1,78.7,Grassland
Esquiule,43.1948027,-0.704992,2019-12-13,0,0.5,20.9,0,0,1,78.6,Grassland
Lamidou,43.2856242,-0.716618,2019-12-14,0.1,1.5,20.2,50,1,1,78.6,Grassland
Lamidou,43.285512,-0.7167892,2019-12-15,0,0.4,20.8,0,0,1,78.9,Grassland
Lamidou,43.285714,-0.7170097,2019-12-16,0,0.4,20.4,5,0,1,79.1,Grassland
Lamidou,43.2854897,-0.7169382,2019-12-17,0,1.7,20.7,10,2,1,79.1,Grassland
Lamidou,43.2855413,-0.7169202,2019-12-18,0,0.5,20.3,11,0,1,79.1,Grassland
Moncayolle,43.2643478,-0.8433655,2019-12-19,0,1.6,20.9,0,0,1,79.1,Grassland
Moncayolle,43.2642078,-0.843489,2019-12-20,0,1.2,20.4,0,0,1,79.2,Grassland
Moncayolle,43.2641115,-0.843462,2019-12-21,0,0.1,20.8,0,1,1,79,Grassland
Moncayolle,43.2641637,-0.8433647,2019-12-22,0,0.1,20.8,0,0,2,79.1,Grassland
Moncayolle,43.2640985,-0.8433527,2019-12-23,0,0.1,20.9,0,1,2,79.1,Grassland
Ainharp,43.268141,-0.927217,2019-12-24,0,0.8,20.6,0,0,1,79,Grassland
Ainharp,43.2680478,-0.9271743,2019-12-25,0,1.5,19.5,0,0,2,79.4,Grassland
Ainharp,43.2680798,-0.9273727,2019-12-26,0,0.7,20,0,0,2,79.3,Grassland
Ainharp,43.2679237,-0.927421,2019-12-27,0,0.2,20.4,0,0,1,79.4,Grassland
Ainharp,43.2679278,-0.9272805,2019-12-28,0,0.3,20.2,0,0,2,79.5,Grassland
Osserain,43.3777653,-0.9603708,2019-12-29,0,0,20.7,0,0,1,79.3,Grassland
Osserain,43.3777913,-0.9605305,2019-12-30,0,0,20.5,0,0,2,79.3,Grassland
Osserain,43.3776778,-0.9603815,2019-12-31,0,0.3,20.4,0,0,2,79.2,Grassland
Osserain,43.3776765,-0.9605468,2020-01-01,0,0.2,20.3,0,0,2,79.3,Grassland
Osserain,43.3776078,-0.9606743,2020-01-02,0,1.4,19.3,3,1,2,79.3,Grassland
Laas,43.3797703,-0.8469535,2020-01-03,0,0.9,20.1,21,0,2,79.2,Grassland
Laas,43.3797992,-0.8468893,2020-01-04,0,0.2,20.5,7,0,1,79.1,Grassland
Laas,43.3798455,-0.8470072,2020-01-05,0,0.2,20.5,7,0,1,79.1,Grassland
Laas,43.3798265,-0.8470685,2020-01-06,0,0,20.8,0,0,1,79,Grassland
Laas,43.3798552,-0.8471782,2020-01-07,0,0.1,20.5,2,0,2,79.2,Grassland
Laneplaa,43.4606745,-0.8237082,2020-01-08,0,3.2,21.4,15,1,1,78.1,Grassland
Laneplaa,43.4607163,-0.8236125,2020-01-09,0,0.1,19.6,22,0,1,78.7,Grassland
Laneplaa,43.4607182,-0.8234998,2020-01-10,0,0.5,20.6,97,2,1,78.7,Grassland
Laneplaa,43.4607868,-0.8234677,2020-01-11,0,0.1,21.1,0,0,1,78.7,Grassland
Laneplaa,43.4607725,-0.8234995,2020-01-12,0,0.1,21,95,0,1,78.8,Grassland
Hourquebie,43.5343427,-0.8419558,2020-01-13,0,0.6,20.7,0,4,1,78.5,Grassland
Hourquebie,43.5343442,-0.8420748,2020-01-14,0,0.2,20.7,3,2,1,78.7,Grassland
Hourquebie,43.534342,-0.841934,2020-01-15,0,0.5,20.8,0,0,1,78.6,Grassland
Hourquebie,43.5340672,-0.8413635,2020-01-16,0,1.3,20.8,0,0,1,78.6,Grassland
Hourquebie,43.5342613,-0.8413937,2020-01-17,0,0.5,20.9,0,0,1,78.7,Grassland
Pibole,43.550446,-0.7324702,2020-01-18,0,0,21.3,0,3,1,78.6,Grassland
Pibole,43.5503357,-0.7325418,2020-01-19,0,0,21.3,8,1,1,78.7,Grassland
Pibole,43.55032,-0.732416,2020-01-20,0,0.7,20.7,5,0,1,78.8,Grassland
Pibole,43.5503698,-0.7325057,2020-01-21,0,0,21.1,7,2,1,78.8,Grassland
Pibole,43.5504167,-0.7325305,2020-01-22,0,0,21.1,1,0,1,78.8,Grassland
Biron,43.4642157,-0.7488428,2020-01-23,0,0,21.1,0,0,1,78.9,Grassland
Biron,43.4641007,-0.7489237,2020-01-24,0,0,21,0,0,1,79,Grassland
Biron,43.4642248,-0.7488008,2020-01-25,0,0,20.9,0,1,1,79.1,Grassland
Biron,43.4642887,-0.7488147,2020-01-26,0,0,20.8,0,0,1,79.1,Grassland
Biron,43.4644183,-0.7485837,2020-01-27,0,0,20.7,0,0,1,79.2,Grassland
Sauvelade,43.3962125,-0.705163,2020-01-28,0,1.6,20.9,10,2,1,78.7,Grassland
Sauvelade,43.396039,-0.7052283,2020-01-29,0,1.6,20.6,3,3,1,78.6,Grassland
Sauvelade,43.395915,-0.705286,2020-01-30,0,0.4,20.3,6,4,1,78.9,Grassland
Sauvelade,43.3961467,-0.7049287,2020-01-31,0,3.7,20.7,0,0,1,78.5,Grassland
Sauvelade,43.39601,-0.7049072,2020-02-01,0,2.2,18.3,0,3,1,79.1,Grassland
Abidos,43.3950678,-0.6056157,2020-02-02,0,0.5,20.8,0,1,1,78.9,Grassland
Abidos,43.3949777,-0.605545,2020-02-03,0,9,21,0,0,1,79,Grassland
Abidos,43.3948862,-0.6056177,2020-02-04,0,0.6,21,0,0,1,78.7,Grassland
Abidos,43.3949517,-0.6054488,2020-02-05,0,0.1,20.6,0,1,1,79.1,Grassland
Abidos,43.3948967,-0.6054287,2020-02-06,0,0.1,20.8,0,0,1,79.1,Grassland
Arthez de Bearn,43.4636332,-0.597732,2020-02-07,0,1,20.9,14,0,0,78.9,Grassland
Arthez de Bearn,43.46366,-0.597897,2020-02-08,0,0.5,20.9,28,1,1,79,Grassland
Arthez de Bearn,43.4637567,-0.5978707,2020-02-09,0,2,21,32,2,1,78.8,Grassland
Arthez de Bearn,43.46356,-0.5980078,2020-02-10,0,1.1,20.5,22,0,2,79.1,Grassland
Arthez de Bearn,43.4634362,-0.598034,2020-02-11,0,0.3,20.8,27,1,2,79,Grassland
Castlener,43.5468982,-0.577049,2020-02-12,0,0,21.1,4,0,2,78.9,Grassland
Castlener,43.5468945,-0.5767332,2020-02-13,0,0,21,0,0,2,78.8,Grassland
Castlener,43.5468503,-0.576904,2020-02-14,0,0,21,0,0,2,79.1,Grassland
Castlener,43.5467868,-0.5769538,2020-02-15,0,0.6,20.7,0,1,1,79,Grassland
Castlener,43.5468853,-0.5769292,2020-02-16,0,0.3,20.6,7,2,1,78.9,Grassland
Philondenx,43.564424,-0.44067,2020-02-17,0,0.8,20.7,0,1,1,79,Grassland
Philondenx,43.5644567,-0.440689,2020-02-18,0,0.6,20.6,0,2,1,79.1,Grassland
Philondenx,43.5645893,-0.4405407,2020-02-19,0,0.7,20.6,6,3,1,79.1,Grassland
Philondenx,43.5646397,-0.4405942,2020-02-20,0,1.7,19.9,7,3,1,79.3,Grassland
Philondenx,43.5645373,-0.4406463,2020-02-21,0,1,20.5,9,3,1,79.2,Grassland
Momas,43.4506322,-0.4497342,2020-02-22,1.1,3.6,18.5,50,4,2,78.8,Grassland
Momas,43.4505695,-0.4497613,2020-02-23,0,5.4,20.5,29,4,2,79.2,Grassland
Momas,43.4504837,-0.449645,2020-02-24,0,2.5,19.6,34,4,2,79,Grassland
Momas,43.4505138,-0.4497067,2020-02-25,0,0.2,19.7,5,0,2,78.9,Grassland
Momas,43.4504768,-0.4496625,2020-02-26,0,0.8,20.9,0,1,1,79,Grassland
Mifaget,43.1104982,-0.3079433,2020-02-27,0,0.3,20.6,0,0,0,79.2,Grassland
Mifaget,43.1104522,-0.3079528,2020-02-28,0,0.1,20.6,0,0,0,79.3,Grassland
Mifaget,43.1103947,-0.3079753,2020-02-29,0,0.1,20.6,0,1,0,79.3,Grassland
Mifaget,43.1103518,-0.3079797,2020-03-01,0,0.1,20.6,0,0,0,79.3,Grassland
Mifaget,43.1102753,-0.3080518,2020-03-02,0,0.3,15.9,2,0,0,79.3,Grassland
Montaut,43.119682,-0.191059,2020-03-03,0,0.5,20.4,0,0,0,79.2,Forest
Montaut,43.119638,-0.190968,2020-03-04,0,3.1,18.8,2,1,0,78.9,Forest
Montaut,43.119651,-0.1910827,2020-03-05,0,1.6,19.4,15,0,0,79.2,Forest
Montaut,43.119648,-0.1910897,2020-03-06,0,0.7,20.4,4,0,0,79.2,Forest
Montaut,43.1195893,-0.1912137,2020-03-07,0,2.3,19.7,2,2,0,79.1,Forest
Soum de las Escures,43.0229472,-0.1720875,2020-03-08,0,0.4,20.5,3,0,0,79.4,Forest
Soum de las Escures,43.0228075,-0.1718538,2020-03-09,0,0.3,20.3,3,1,0,79.4,Meadow
Soum de las Escures,43.0228087,-0.1717842,2020-03-10,0,0.9,20.1,6,0,0,79.3,Meadow
Soum de las Escures,43.0228122,-0.1716142,2020-03-11,0,0.3,20.4,4,1,0,79.4,Meadow
Soum de las Escures,43.0229227,-0.1715298,2020-03-12,0,0.3,20.4,0,0,0,79.3,Meadow
Agos Vidalos,43.0386507,-0.0679817,2020-03-13,0,1.5,19.9,0,1,0,78.8,Grassland
Agos Vidalos,43.0386297,-0.0680287,2020-03-14,0,1.5,20,4,0,0,79,Grassland
Agos Vidalos,43.0386697,-0.0679295,2020-03-15,0,1.2,20,4,1,0,79.3,Grassland
Agos Vidalos,43.0388415,-0.0678297,2020-03-16,0,1.3,19.9,2,1,0,78.9,Grassland
Agos Vidalos,43.0389642,-0.0678745,2020-03-17,0,1.7,19.6,2,0,0,78.9,Grassland
Germs-sur-l'oussouet,43.0546203,0.0547172,2020-03-18,0,0.6,20.3,1,0,0,79.2,Meadow
Germs-sur-l'oussouet,43.0546337,0.0549063,2020-03-19,0,4.7,17.4,1,1,0,80.7,Meadow
Germs-sur-l'oussouet,43.0546612,0.0548062,2020-03-20,0,6.8,14.8,4,0,0,79.2,Meadow
Germs-sur-l'oussouet,43.0546057,0.0547015,2020-03-21,0,4.9,20.4,1,0,0,79.1,Meadow
Germs-sur-l'oussouet,43.054637,0.0547975,2020-03-22,0,1.8,18.9,1,0,0,79.4,Meadow
Orincles,43.1223628,0.0411485,2020-03-23,0,0.3,20.5,2,0,0,79.3,Grassland
Orincles,43.1222295,0.0411733,2020-03-24,0,1.4,19.8,15,1,0,79.6,Grassland
Orincles,43.1220618,0.0410952,2020-03-25,0,1.9,19.6,8,1,0,79.6,Grassland
Orincles,43.1220938,0.0411063,2020-03-26,0,1.9,19.5,8,1,0,79.4,Grassland
Orincles,43.1224583,0.0411383,2020-03-27,0,1.1,19.7,5,0,0,79.6,Grassland
Juillian,43.2050957,0.0179692,2020-03-28,0,0.5,20.2,4,1,0,79.4,Grassland
Juillian,43.2051602,0.0179888,2020-03-29,0,0.4,20.2,4,0,0,79.4,Grassland
Juillian,43.2051828,0.0179372,2020-03-30,0,0.5,20.3,2,0,0,79.4,Grassland
Juillian,43.2051542,0.017816,2020-03-31,0,0.9,19.8,2,1,0,79.4,Grassland
Juillian,43.2052563,0.017756,2020-04-01,0,0.5,19.8,2,0,0,79.5,Grassland
Pontacq,43.1938932,-0.0916387,2020-04-02,0,0.1,20.4,1,0,0,79.4,Grassland
Pontacq,43.193722,-0.0918295,2020-04-03,0,1,20,42,3,0,79.4,Grassland
Pontacq,43.1935247,-0.091808,2020-04-04,0,0.2,20.3,1,0,0,79.5,Grassland
Pontacq,43.193548,-0.091647,2020-04-05,0,2.4,19.5,2,1,0,79.6,Grassland
Pontacq,43.1935427,-0.0917788,2020-04-06,0,1.3,20.4,11,2,0,79.6,Grassland
Loubajac,43.1354765,-0.070349,2020-04-07,0,0.2,20.5,3,1,0,79.3,Grassland
Loubajac,43.1354148,-0.0703357,2020-04-08,0,0.3,20.5,16,2,0,79.3,Grassland
Loubajac,43.13548,-0.0703358,2020-04-09,0,1.5,20.6,28,3,0,79.2,Grassland
Loubajac,43.135329,-0.0702738,2020-04-10,0,1.9,19.8,19,2,0,79.1,Grassland
Loubajac,43.135459,-0.0702692,2020-04-11,0,4,19,43,3,0,79.2,Grassland
Bénéjac,43.199649,-0.19699,2020-04-12,0,0.6,20.3,7,1,0,79.3,Grassland
Bénéjac,43.19965,-0.197034,2020-04-13,0,0.9,20.3,9,1,0,79.2,Grassland
Bénéjac,43.199721,-0.196885,2020-04-14,0,0.8,20.3,8,1,0,79.1,Grassland
Bénéjac,43.199563,-0.196624,2020-04-15,0,0.5,20.3,1,0,0,79.2,Grassland
Bénéjac,43.199592,-0.196718,2020-04-16,0,0.2,20.6,3,0,0,79.2,Grassland
Lesquerre,43.193199,-0.3421668,2020-04-17,0,0.9,20.3,3,0,0,79,Grassland
Lesquerre,43.193045,-0.3420142,2020-04-18,0,0.4,20.6,0,0,0,79.1,Grassland
Lesquerre,43.1930263,-0.3419785,2020-04-19,0,0.7,20.4,19,0,0,79.1,Grassland
Lesquerre,43.1930437,-0.3420807,2020-04-20,0,0.3,20.5,34,13,0,79.2,Grassland
Lesquerre,43.1931167,-0.3418658,2020-04-21,0,0.3,20.7,4,1,0,79.2,Grassland
Limendous,43.2732077,-0.184942,2020-04-22,0,1.8,20.7,8,0,0,79,Grassland
Limendous,43.273242,-0.1849852,2020-04-23,0,0.9,20.1,11,1,0,79.3,Grassland
Limendous,43.2732618,-0.18485,2020-04-24,0,1.4,20.1,24,2,0,78.9,Grassland
Limendous,43.2734148,-0.1845785,2020-04-25,0,0.4,20.3,20,1,0,79.2,Grassland
Limendous,43.2732183,-0.1846843,2020-04-26,0,0.9,20.1,4,1,0,79.1,Grassland
AAST,43.2812423,-0.0905755,2020-04-27,0,0.8,20.6,0,0,0,78.8,Grassland
AAST,43.28133,-0.0906192,2020-04-28,0,0.5,20.7,1,2,0,79,Grassland
AAST,43.2813792,-0.0906485,2020-04-29,0,0.8,20.8,4,1,0,78.8,Grassland
AAST,43.2813773,-0.090692,2020-04-30,0,0.1,20.4,3,0,0,79.1,Grassland
AAST,43.2811532,-0.090754,2020-05-01,0,0.5,20.5,13,1,0,79,Grassland
Lagarde,43.29708,0.028728,2020-05-02,0.1,0.3,20.7,3,0,0,79.1,Grassland
Lagarde,43.2972113,0.0286485,2020-05-03,0,0.2,20.6,5,1,0,79.1,Grassland
Lagarde,43.297156,0.0288807,2020-05-04,0,1,20.2,6,1,0,79.1,Grassland
Lagarde,43.2971893,0.028839,2020-05-05,0,0.4,20.4,5,1,0,79.3,Grassland
Lagarde,43.2971365,0.0291008,2020-05-06,0,0.2,20.4,3,0,0,79.4,Grassland
Saint Lézer,43.3782162,0.0255307,2020-05-07,0,0.3,20.6,1,2,0,79.3,Grassland
Saint Lézer,43.3781755,0.0255418,2020-05-08,0,0.8,20.2,1,2,0,79.2,Grassland
Saint Lézer,43.3781927,0.0256272,2020-05-09,0,0.2,20.2,2,0,0,79.4,Grassland
Saint Lézer,43.3781095,0.02554,2020-05-10,0,0.8,20.5,0,1,0,79.2,Grassland
Saint Lézer,43.3779572,0.0255788,2020-05-11,0,0.6,20.1,5,1,0,79.4,Grassland
Maubourget,43.4800077,0.0251748,2020-05-12,0,0.4,20.2,0,0,0,79.4,Grassland
Maubourget,43.480026,0.0251938,2020-05-13,0,0.2,20.2,1,0,0,79.5,Grassland
Maubourget,43.4800633,0.0251963,2020-05-14,0,0.5,19.7,3,0,0,79.5,Grassland
Maubourget,43.4801192,0.0251822,2020-05-15,0,0.2,20.2,2,0,0,79.5,Grassland
Maubourget,43.4801543,0.0251663,2020-05-16,0,0.1,20.2,3,1,0,79.6,Grassland
Hères,43.5438105,0.0047642,2020-05-17,0,3.2,17.8,3,0,0,79.6,Grassland
Hères,43.5436597,0.0047792,2020-05-18,0,0.7,19.9,1,0,0,79.6,Grassland
Hères,43.5437658,0.0047897,2020-05-19,0,1.1,19.7,2,0,0,79.4,Grassland
Hères,43.5437758,0.0048278,2020-05-20,0,0.5,20,2,0,0,79.6,Grassland
Hères,43.543793,0.0048217,2020-05-21,0,0.8,20.2,4,0,0,79.6,Grassland
Arrosès,43.5366138,-0.1044333,2020-05-22,0,0.3,20,1,1,0,79.5,Grassland
Arrosès,43.5365902,-0.104399,2020-05-23,0,0.5,20.3,1,0,0,79.5,Grassland
Arrosès,43.536653,-0.1043697,2020-05-24,0,0.1,20.3,0,0,0,79.6,Grassland
Arrosès,43.5366695,-0.1042582,2020-05-25,0,0.2,20.1,0,0,0,79.7,Grassland
Arrosès,43.5365278,-0.1041008,2020-05-26,0,0.4,20,4,1,0,79.8,Grassland
Séméacq Blachon,43.4946453,-0.1237073,2020-05-27,0,0.3,19.9,1,2,0,79.8,Grassland
Séméacq Blachon,43.4946773,-0.1236198,2020-05-28,0,0.2,20,2,1,0,79.7,Grassland
Séméacq Blachon,43.4945723,-0.1233745,2020-05-29,0,0.7,20.2,5,1,0,79.7,Grassland
Séméacq Blachon,43.494567,-0.1236595,2020-05-30,0,0.3,20.2,8,1,0,79.6,Grassland
Séméacq Blachon,43.494553,-0.1234102,2020-05-31,0,0.1,20.2,6,1,0,79.6,Grassland
Lucaré,43.415144,-0.078102,2020-06-01,0,1.6,19.6,2,2,0,79.8,Grassland
Lucaré,43.415144,-0.078102,2020-06-02,0,0.7,19.8,0,1,0,79.7,Grassland
Lucaré,43.415144,-0.078102,2020-06-03,0,0.4,20,0,0,0,79.7,Grassland
Lucaré,43.412965,-0.077827,2020-06-04,0,1.2,19.5,0,0,0,79.6,Grassland
Lucaré,43.413032,-0.077872,2020-06-05,0,0.2,20,0,0,0,79.8,Grassland
Bedous,42.996271,-0.558885,2020-06-06,0,0.8,20.3,2,0,0,79.1,Meadow
Bedous,42.998354,-0.580959,2020-06-07,0,0.4,20.4,3,0,0,79.2,Meadow
Bedous,42.996059,-0.55879,2020-06-08,0,0.6,20.3,3,0,0,79.1,Meadow
Bedous,42.996031,-0.5591932,2020-06-09,0,0.3,20.3,3,0,0,79.3,Meadow
Bedous,42.996065,-0.558908,2020-06-10,0,0.3,20.6,13,1,0,79.2,Meadow
Gère Belestin,43.024804,-0.421927,2020-06-11,0,1.4,20,3,1,0,79.1,Meadow
Gère Belestin,43.024752,-0.422018,2020-06-12,0,0.9,19.9,2,1,0,79.4,Meadow
Gère Belestin,43.0247782,-0.4218915,2020-06-13,0,0.4,20.2,1,1,0,79.5,Meadow
Gère Belestin,43.0247222,-0.4219123,2020-06-14,0,0.8,20,7,2,0,79.7,Meadow
Gère Belestin,43.0246917,-0.4218905,2020-06-15,0,1,19.8,2,0,0,79.8,Meadow
Arudy,43.1105303,-0.4376092,2020-06-16,0,1.9,20.1,2,0,0,79.6,Grassland
Arudy,43.1105577,-0.4374483,2020-06-17,0,1.7,19.1,1,1,0,79.4,Grassland
Arudy,43.1102668,-0.4378262,2020-06-18,0,1.4,19.3,0,0,0,79.5,Grassland
Arudy,43.1101688,-0.4378197,2020-06-19,0,1.3,19.1,1,1,0,79.7,Grassland
Arudy,43.110243,-0.4377137,2020-06-20,0,0.9,19.5,0,1,0,79.8,Grassland
Misériou,43.1155277,-0.5533892,2020-06-21,0,1.8,19.6,1,0,0,79.3,Meadow
Misériou,43.1155778,-0.553402,2020-06-22,0,2.6,18.8,3,0,0,79,Meadow
Misériou,43.1156187,-0.5535452,2020-06-23,0,7.9,19.7,5,1,0,77.9,Meadow
Misériou,43.1154353,-0.553397,2020-06-24,0,1,17.2,2,0,0,79.5,Meadow
Misériou,43.1155432,-0.553475,2020-06-25,0,1.2,19.8,3,1,0,79.4,Meadow
Précilhon,43.1977083,-0.573282,2020-06-26,0,0.1,20.4,4,0,0,79.6,Grassland
Précilhon,43.197551,-0.5732382,2020-06-27,0,0.7,19.8,8,1,0,79.6,Grassland
Précilhon,43.1977563,-0.573247,2020-06-28,0,0.1,20.2,6,0,0,79.7,Grassland
Précilhon,43.1977603,-0.5732867,2020-06-29,0,0.1,20.1,3,1,0,79.7,Grassland
Précilhon,43.197754,-0.5732755,2020-06-30,0,0.1,20.1,2,1,0,79.8,Grassland
Labarcat,43.205561,-0.4235382,2020-07-01,0,0.1,20.1,4,1,0,79.8,Grassland
Labarcat,43.2054665,-0.4233417,2020-07-02,0,0.1,20,5,1,0,79.8,Grassland
Labarcat,43.2054848,-0.4232645,2020-07-03,0,1.2,19.6,2,1,0,79.6,Grassland
Labarcat,43.2054667,-0.4232525,2020-07-04,0,0.6,19.7,2,1,0,79.7,Grassland
Labarcat,43.205556,-0.4234,2020-07-05,0,0.1,20,5,1,0,79.7,Grassland
Lesquerré,43.193199,-0.3421668,2020-07-06,0,0.9,20.3,3,0,0,79,Grassland
Lesquerré,43.193045,-0.3420142,2020-07-07,0,0.4,20.6,0,0,0,79.1,Grassland
Lesquerré,43.1930263,-0.3419785,2020-07-08,0,0.7,20.4,19,0,0,79.1,Grassland
Lesquerré,43.1930437,-0.3420807,2020-07-09,0,0.3,20.5,34,13,0,79.2,Grassland
Lesquerré,43.1931167,-0.3418658,2020-07-10,0,0.3,20.7,4,1,0,79.2,Grassland
Bizanos,43.2808795,-0.352381,2020-07-11,0,0.6,20.2,1,0,0,79.7,Grassland
Bizanos,43.2809692,-0.3524877,2020-07-12,0,0.8,19.3,5,0,0,79.8,Grassland
Bizanos,43.2808342,-0.3524802,2020-07-13,0,0.9,19.2,8,1,0,80,Grassland
Bizanos,43.2808578,-0.3523057,2020-07-14,0,0.8,19.5,3,1,0,80.1,Grassland
Bizanos,43.2808867,-0.352358,2020-07-15,0,0.5,19.4,2,1,0,80.3,Grassland
Laroin,43.304135,-0.4377835,2020-07-16,0,0,19.7,1,0,0,80.3,Grassland
Laroin,43.3041003,-0.4377865,2020-07-17,0,0,19.7,2,0,0,80.2,Grassland
Laroin,43.3041963,-0.4378673,2020-07-18,0,0,19.7,2,1,0,80.3,Grassland
Laroin,43.304082,-0.4377183,2020-07-19,0,0.1,19.6,6,2,0,80.2,Grassland
Laroin,43.3042063,-0.4378415,2020-07-20,0,0.4,19.6,3,1,0,80.1,Grassland
Laroin,43.3042235,-0.4379217,2020-07-21,0,0.3,19.4,7,1,0,80.3,Grassland
Haurrot,43.3082782,-0.5678612,2020-07-22,0,0.2,20,3,1,0,79.8,Grassland
Haurrot,43.3081078,-0.5679992,2020-07-23,0,0.3,20.1,2,0,0,79.6,Grassland
Haurrot,43.3082385,-0.5678602,2020-07-24,0,0.5,19.9,5,1,0,79.7,Grassland
Haurrot,43.308289,-0.5678013,2020-07-25,0,0.3,20,4,1,0,79.8,Grassland
Haurrot,43.308181,-0.5677583,2020-07-26,0,0.1,20,3,1,0,79.8,Grassland
Gaujacq,43.661172,-0.711854,2020-07-27,0,0.2,20.6,8,1,0,79.4,Grassland
Gaujacq,43.661121,-0.711818,2020-07-28,0,0.3,20.4,5,1,0,79.4,Grassland
Gaujacq,43.661096,-0.71181,2020-07-29,0,0.6,20.2,5,1,0,79.3,Grassland
Gaujacq,43.661142,-0.711829,2020-07-30,0,0.6,20,16,1,0,79.4,Grassland
Gaujacq,43.66121,-0.71198,2020-07-31,0,2.8,19.1,3,0,0,79,Grassland
Peyredère,43.7328115,-0.7198242,2020-08-01,0,0.1,20.8,1,0,0,79.1,Grassland
Peyredère,43.7327623,-0.7199733,2020-08-02,0,0.4,20.6,1,0,0,79.1,Grassland
Peyredère,43.7327407,-0.7198872,2020-08-03,0,0.3,20.6,1,0,0,79,Grassland
Peyredère,43.7326877,-0.7199125,2020-08-04,0,0.4,20.5,0,0,0,79.3,Grassland
Peyredère,43.7327285,-0.7199673,2020-08-05,0,0.4,20.6,2,2,0,79.4,Grassland
Gamarde-les-Bains,43.7397787,-0.8617692,2020-08-06,0,0.5,20.9,13,0,0,79.1,Grassland
Gamarde-les-Bains,43.7396248,-0.8618607,2020-08-07,0,0.6,20.5,15,0,0,79,Grassland
Gamarde-les-Bains,43.7396663,-0.861661,2020-08-08,0,0.9,20.7,45,1,0,79.1,Grassland
Gamarde-les-Bains,43.7396463,-0.8613703,2020-08-09,0,0.6,20.7,19,0,0,79.2,Grassland
Gamarde-les-Bains,43.7396423,-0.861776,2020-08-10,0,0.2,20.5,2,0,0,79.3,Grassland
Candresse,43.723164,-0.9759565,2020-08-11,0,0.5,20.5,2,0,0,79,Grassland
Candresse,43.7231787,-0.9760732,2020-08-12,0,0.7,20.4,1,1,0,79.1,Grassland
Candresse,43.723125,-0.9759162,2020-08-13,0.1,0.6,20.3,0,1,0,79.1,Grassland
Candresse,43.7231423,-0.9758305,2020-08-14,0,0.6,20.3,0,0,0,79.2,Grassland
Candresse,43.7231338,-0.9756418,2020-08-15,0,0.7,20.3,1,0,0,79.1,Grassland
Eyrasse,43.7253257,-1.1011817,2020-08-16,0,1.1,20.4,2,1,0,79.2,Grassland
Eyrasse,43.7252965,-1.1009842,2020-08-17,0,1,19.7,11,3,0,79.3,Grassland
Eyrasse,43.7253348,-1.1009377,2020-08-18,0.1,1,19.7,13,3,0,79.3,Grassland
Eyrasse,43.7251972,-1.1009972,2020-08-19,0,0.9,19.8,5,1,0,79.4,Grassland
Eyrasse,43.7252723,-1.1008223,2020-08-20,0,0.7,19.7,4,1,0,79.5,Grassland
Balenton,43.7222162,-1.228461,2020-08-21,0,0.4,20.3,0,0,0,79.3,Grassland
Balenton,43.7222538,-1.2283947,2020-08-22,0,0.4,20.2,0,0,0,79.4,Grassland
Balenton,43.722274,-1.2282937,2020-08-23,0,0.4,20.2,0,0,0,79.4,Grassland
Balenton,43.7222422,-1.2284365,2020-08-24,0,0.2,20.2,19,2,0,79.5,Grassland
Balenton,43.7222807,-1.2283322,2020-08-25,0,0.4,20.3,10,0,0,79.4,Grassland
Josse,43.6384445,-1.2201365,2020-08-26,0,0.2,20.3,2,0,0,79.3,Grassland
Josse,43.6385422,-1.2201792,2020-08-27,0,0.2,20.4,5,0,0,79.3,Grassland
Josse,43.6385935,-1.2199942,2020-08-28,0,0.5,20,7,1,0,79.4,Grassland
Josse,43.6384893,-1.2199308,2020-08-29,0,0.1,20.4,9,0,0,79.4,Grassland
Josse,43.6385252,-1.2201363,2020-08-30,0,0.2,20.3,13,1,0,79.4,Grassland
Heugas,43.631865,-1.090996,2020-08-31,0,0.4,20.1,2,1,0,79.6,Grassland
Heugas,43.631791,-1.091223,2020-09-01,0,0.2,20.1,6,1,0,79.8,Grassland
Heugas,43.63183,-1.09121,2020-09-02,0,0.1,20.1,8,1,0,79.8,Grassland
Heugas,43.631847,-1.09098,2020-09-03,0,0.6,20,4,1,0,79.9,Grassland
Heugas,43.631744,-1.091198,2020-09-04,0,0.4,19.8,3,1,0,79.9,Grassland
Mimbaste,43.6469152,-0.9652445,2020-09-05,0,0.3,20.2,2,0,0,79.8,Grassland
Mimbaste,43.6468947,-0.965301,2020-09-06,0,0.3,20,5,0,0,79.9,Grassland
Mimbaste,43.64686,-0.965351,2020-09-07,0,0.4,19.8,3,2,0,79.9,Grassland
Mimbaste,43.6469332,-0.9654008,2020-09-08,0,0.2,19.7,3,1,0,80,Grassland
Mimbaste,43.6469303,-0.9652538,2020-09-09,0,0.3,19.8,8,1,0,80,Grassland
Romarez,43.6329775,-0.838045,2020-09-10,0,0.3,20,3,0,0,79.9,Grassland
Romarez,43.6329355,-0.8381438,2020-09-11,0,0.2,19.8,3,0,0,80,Grassland
Romarez,43.6330792,-0.8380463,2020-09-12,0,0.2,19.7,11,1,0,80,Grassland
Romarez,43.6330263,-0.8379175,2020-09-13,0,0.2,19.9,7,1,0,80,Grassland
Romarez,43.6330245,-0.8380027,2020-09-14,0,0.1,19.9,2,0,0,80,Grassland
Bahus soubiran,43.666309,-0.363096,2020-09-15,0,0.4,20.7,0,0,0,79.3,Grassland
Bahus soubiran,43.666453,-0.363166,2020-09-16,0,0.2,20.6,0,1,0,79.4,Grassland
Bahus soubiran,43.66637,-0.363088,2020-09-17,0,0.4,20.2,12,0,0,79.4,Grassland
Bahus soubiran,43.666293,-0.363002,2020-09-18,0,0.5,20.5,2,1,0,79.3,Grassland
Bahus soubiran,43.666469,-0.362971,2020-09-19,0,0.3,20.5,1,1,0,79.4,Grassland
Bernède,43.669555,-0.228397,2020-09-20,0,0.2,20.7,3,0,0,79.1,Grassland
Bernède,43.669264,-0.231667,2020-09-21,0,0.7,20.5,3,0,0,78.9,Grassland
Bernède,43.6692927,-0.2317108,2020-09-22,0,0.3,20.6,3,0,0,79.1,Grassland
Bernède,43.6692878,-0.2317098,2020-09-23,0,0.2,20.7,4,0,0,79.1,Grassland
Bernède,43.6693105,-0.231682,2020-09-24,0,0.1,20.6,8,1,0,79.2,Grassland
Tarsac,43.6670352,-0.1047977,2020-09-25,0,0.5,20.5,0,0,0,79.1,Grassland
Tarsac,43.6669787,-0.1046757,2020-09-26,0,0.4,20.4,8,0,0,79.1,Grassland
Tarsac,43.667035,-0.1046098,2020-09-27,0,0.1,20.6,3,0,0,79.2,Grassland
Tarsac,43.6670573,-0.1046848,2020-09-28,0,0.1,20.6,2,0,0,79.3,Grassland
Tarsac,43.6670395,-0.1046477,2020-09-29,0,0.1,20.6,7,0,0,79.3,Grassland
Arblade le haut,43.7436748,-0.0639412,2020-09-30,0,0.2,20.8,6,1,0,79.2,Grassland
Arblade le haut,43.7437165,-0.0640433,2020-10-01,0,0.1,20.6,2,0,0,79.3,Grassland
Arblade le haut,43.7436472,-0.0640572,2020-10-02,0,0.3,20.6,7,0,0,79.3,Grassland
Arblade le haut,43.743551,-0.06405,2020-10-03,0,0.1,20.6,0,0,0,79.4,Grassland
Arblade le haut,43.7435555,-0.0639667,2020-10-04,0,0.1,20.5,0,0,0,79.4,Grassland
Lussagnet,43.7748162,-0.230921,2020-10-05,0,0.1,20.7,3,0,0,79.2,Grassland
Lussagnet,43.7749073,-0.2310398,2020-10-06,0,0.1,20.6,0,0,0,79.2,Grassland
Lussagnet,43.774818,-0.2310505,2020-10-07,0,0.1,20.7,8,0,0,79.3,Grassland
Lussagnet,43.7749108,-0.2311072,2020-10-08,0,0.4,20.6,1,0,0,79.3,Grassland
Lussagnet,43.7748947,-0.23099,2020-10-09,0,0.1,20.6,1,0,0,79.3,Grassland
Lussagnet,43.7749715,-0.231062,2020-10-10,0,0.4,20.3,0,0,0,79.4,Grassland
Renung,43.7404603,-0.3554283,2020-10-11,0,0.1,20.7,0,0,0,79.6,Grassland
Renung,43.740559,-0.3554055,2020-10-12,0,0.3,20.1,0,1,0,79.6,Grassland
Renung,43.7405038,-0.3553953,2020-10-13,0,0.7,20,9,0,0,79.6,Grassland
Renung,43.7405203,-0.3553823,2020-10-14,0,1.5,20.2,3,0,0,79.6,Grassland
Renung,43.7404992,-0.3554242,2020-10-15,0,0.9,20.2,12,1,0,79.8,Grassland
Renung,43.7407593,-0.3560313,2020-10-16,0,0.7,20,3,0,0,79.7,Grassland
Montgaillard,43.7377,-0.481685,2020-10-17,0,0.8,19.9,11,1,0,79.4,Grassland
Montgaillard,43.7377322,-0.4818232,2020-10-18,0,1,19.7,15,2,0,79.4,Grassland
Montgaillard,43.7376365,-0.4816722,2020-10-19,0,1.4,19.6,32,2,0,79.3,Grassland
Montgaillard,43.7377325,-0.4818088,2020-10-20,0,0.4,20.3,17,2,0,79.4,Grassland
Montgaillard,43.7377943,-0.4818938,2020-10-21,0,1.2,19.8,27,2,0,79.4,Grassland
Audignon,43.7297888,-0.5882988,2020-10-22,0,0.1,20.7,0,0,0,79.2,Grassland
Audignon,43.729895,-0.5884475,2020-10-23,0,1.8,19.5,2,0,0,79.1,Grassland
Audignon,43.7299447,-0.58841,2020-10-24,0,0.5,19.8,3,0,0,79.3,Grassland
Audignon,43.7298453,-0.5883987,2020-10-25,0,0.7,20.6,10,1,0,79.3,Grassland
Audignon,43.729939,-0.5885272,2020-10-26,0,3.8,20.5,19,0,0,79.2,Grassland
Magetmau,43.6519425,-0.6096252,2020-10-27,0,1.5,20.5,32,2,0,79.5,Grassland
Magetmau,43.65185,-0.6095663,2020-10-28,0,0.8,19.8,14,2,0,79.4,Grassland
Magetmau,43.6518175,-0.6096323,2020-10-29,0,1.4,19.6,3,0,0,79.1,Grassland
Magetmau,43.651997,-0.6096772,2020-10-30,0,0.9,19.4,0,0,0,79.2,Grassland
Magetmau,43.6518995,-0.6097428,2020-10-31,0,0.7,19.2,35,1,0,79.7,Grassland
Bats,43.6514042,-0.4601553,2020-11-01,0,0.7,20.2,2,1,0,79.3,Grassland
Bats,43.6514328,-0.4601502,2020-11-02,0,0.6,20.5,4,0,0,79.2,Grassland
Bats,43.6515062,-0.4600367,2020-11-03,0,0.4,20.4,6,1,0,79.3,Grassland
Bats,43.6514823,-0.4600917,2020-11-04,0,0.8,20,5,1,0,79.3,Grassland
Bats,43.6516208,-0.4599673,2020-11-05,0,0.7,20,6,1,0,79.4,Grassland
Lecumberry,43.1440442,-1.1393383,2020-11-06,0,0.7,20.6,0,0,0,79.2,Meadow
Lecumberry,43.144071,-1.1393143,2020-11-07,0,0.3,20,0,0,0,79.4,Meadow
Lecumberry,43.1441372,-1.1392185,2020-11-08,0,0.3,20.2,0,1,0,79.4,Meadow
Lecumberry,43.1439758,-1.139389,2020-11-09,0,0.1,20.2,0,0,0,79.6,Meadow
Lecumberry,43.1439783,-1.1393502,2020-11-10,0,1.2,19.7,0,1,0,79,Meadow
"Pierraene, col de Napole",43.1541787,-0.9862093,2020-11-11,0,0.2,20.5,0,0,0,79.5,Meadow
"Pierraene, col de Napole",43.1542212,-0.9861945,2020-11-12,0,0.1,20.2,0,1,0,79.6,Meadow
"Pierraene, col de Napole",43.1541937,-0.9861342,2020-11-13,0,0.1,20.3,0,0,0,79.6,Meadow
"Pierraene, col de Napole",43.1542472,-0.9861055,2020-11-14,0,0.1,20.2,0,0,0,79.7,Meadow
"Pierraene, col de Napole",43.154076,-0.986105,2020-11-15,0,0.1,20.1,0,0,0,79.8,Meadow
Sauguis saint Etienne,43.1539908,-0.8938353,2020-11-16,0,0.1,20.1,0,1,0,79.8,Grassland
Sauguis saint Etienne,43.1537652,-0.8937287,2020-11-17,0,0.5,19.9,5,1,0,79.8,Grassland
Sauguis saint Etienne,43.1537592,-0.8937233,2020-11-18,0,0.3,20,4,0,0,79.8,Grassland
Sauguis saint Etienne,43.1537913,-0.8938668,2020-11-19,0,0.6,19.7,2,0,0,79.9,Grassland
Sauguis saint Etienne,43.1537747,-0.8939265,2020-11-20,0,0.6,19.7,2,1,0,79.9,Grassland
Mauléon Licharre,43.2317192,-0.890561,2020-11-21,0,0.1,20,0,0,0,79.9,Grassland
Mauléon Licharre,43.2317945,-0.8906138,2020-11-22,0,0.1,19.9,1,0,0,79.9,Grassland
Mauléon Licharre,43.2317268,-0.8905575,2020-11-23,0,0.2,20,1,1,0,79.9,Grassland
Mauléon Licharre,43.2317132,-0.8906512,2020-11-24,0,0.1,19.9,0,1,0,80,Grassland
Mauléon Licharre,43.2316172,-0.8906273,2020-11-25,0,0.1,19.9,1,0,0,79.9,Grassland
Charre,43.319389,-0.8790327,2020-11-26,0,0.1,20.2,3,0,0,79.7,Grassland
Charre,43.3194755,-0.8787977,2020-11-27,0,0.1,20.1,3,1,0,79.7,Grassland
Charre,43.3194802,-0.878745,2020-11-28,0,1,19.4,5,2,0,79.6,Grassland
Charre,43.3194895,-0.8786887,2020-11-29,0,0.4,19.4,5,2,0,79.7,Grassland
Charre,43.3195378,-0.878809,2020-11-30,0,1.6,19.2,51,4,0,79.7,Grassland
Béhasque Lapiste,43.3238257,-1.0008585,2020-12-01,0,0.1,20.2,1,1,0,79.7,Grassland
Béhasque Lapiste,43.3239293,-1.0011103,2020-12-02,0,0.1,20.3,2,1,0,79.6,Grassland
Béhasque Lapiste,43.324019,-1.0010653,2020-12-03,0,0.1,20.3,3,0,0,79.6,Grassland
Béhasque Lapiste,43.3240365,-1.0010308,2020-12-04,0,0.3,20.1,1,1,0,79.7,Grassland
Béhasque Lapiste,43.3240528,-1.001026,2020-12-05,0,0,20.2,1,0,0,79.7,Grassland
Pagolle,43.2312965,-0.9886803,2020-12-06,0,0,20.3,1,0,0,79.5,Grassland
Pagolle,43.231297,-0.9885677,2020-12-07,0,0,20.1,2,1,0,79.7,Grassland
Pagolle,43.2313123,-0.9885308,2020-12-08,0,0,20.3,1,0,0,79.8,Grassland
Pagolle,43.2313498,-0.9886507,2020-12-09,0,0.1,20,0,0,0,79.9,Grassland
Pagolle,43.2313662,-0.9886485,2020-12-10,0,0.1,20,5,1,0,79.8,Grassland
Saint Etienne Lantabat,43.2460792,-1.1477432,2020-12-11,0,0.5,20.6,1,1,0,79.1,Grassland
Saint Etienne Lantabat,43.2461235,-1.1477332,2020-12-12,0,0.4,20.6,3,1,0,79.3,Grassland
Saint Etienne Lantabat,43.246028,-1.147671,2020-12-13,0,0.1,20.4,2,0,0,79.4,Grassland
Saint Etienne Lantabat,43.2461753,-1.1478353,2020-12-14,0,0.2,20.4,2,0,0,79.3,Grassland
Saint Etienne Lantabat,43.246235,-1.1478137,2020-12-15,0,0.1,20.5,2,0,0,79.3,Grassland
Méharin,43.3301618,-1.1391313,2020-12-16,0,0,20.6,2,0,0,79.3,Grassland
Méharin,43.3302353,-1.1392758,2020-12-17,0,0.1,20.6,1,0,0,79.3,Grassland
Méharin,43.3302238,-1.1392132,2020-12-18,0,0.1,20.5,1,2,0,79.5,Grassland
Méharin,43.3301962,-1.139184,2020-12-19,0,0.1,20.5,2,0,0,79.4,Grassland
Méharin,43.3301988,-1.1391825,2020-12-20,0,0.1,20.4,1,0,0,79.5,Grassland
Orègue,43.3960803,-1.1354657,2020-12-21,0,0.4,20.3,1,0,0,79.5,Grassland
Orègue,43.3959845,-1.1353967,2020-12-22,0,0.2,20.1,1,0,0,79.6,Grassland
Orègue,43.396036,-1.1354163,2020-12-23,0,0.4,20,1,0,0,79.6,Grassland
Orègue,43.3960882,-1.1355102,2020-12-24,0,0.3,20,2,0,0,79.7,Grassland
Orègue,43.396099,-1.135339,2020-12-25,0,0.2,20.1,1,0,0,79.7,Grassland
Abitain,43.4123457,-0.9951383,2020-12-26,0,0.2,20.8,0,0,0,79.2,Grassland
Abitain,43.4123527,-0.9950187,2020-12-27,0,0.3,20.4,0,1,0,79.2,Grassland
Abitain,43.4123408,-0.9951878,2020-12-28,0,0.5,20.3,4,0,0,79.2,Grassland
Abitain,43.4122615,-0.995109,2020-12-29,0,0.2,20.4,2,0,0,79.2,Grassland
Abitain,43.4123142,-0.9952165,2020-12-30,0,0.2,20.5,0,0,0,79.3,Grassland
Orion,43.4184547,-0.8620758,2020-12-31,0,0.3,20.4,0,1,0,79.2,Grassland
Orion,43.4184223,-0.8621823,2021-01-01,0,0.9,20,1,1,0,79.1,Grassland
Orion,43.4183978,-0.8621642,2021-01-02,0,0.2,20,1,0,0,79.3,Grassland
Orion,43.418376,-0.862236,2021-01-03,0,0.4,20.3,3,0,0,79.5,Grassland
Orion,43.4184047,-0.8621105,2021-01-04,0,0.3,20,1,0,0,79.7,Grassland
Sauveterre,43.4044013,-0.949009,2021-01-05,0,0.1,20.6,37,2,0,79.4,Grassland
Sauveterre,43.4046993,-0.9492777,2021-01-06,0,0.7,19.9,11,0,0,79.8,Grassland
Sauveterre,43.4048273,-0.949078,2021-01-07,0,0.4,19.8,14,1,0,79.6,Grassland
Sauveterre,43.4050965,-0.9490692,2021-01-08,0,0.7,19.6,27,2,0,79.6,Grassland
Sauveterre,43.4052518,-0.949107,2021-01-09,0,1,19.5,5,0,0,79.7,Grassland
Sauveterre,43.4055235,-0.9491238,2021-01-10,0,0.3,20.1,29,2,0,79.6,Grassland
Sauveterre,43.4052952,-0.9502338,2021-01-11,0,0.3,18.9,50,4,0,79.5,Grassland
Sauveterre,43.4064735,-0.952655,2021-01-12,0,0.3,20.3,24,4,0,79.3,Grassland
Sauveterre,43.4062013,-0.9517605,2021-01-13,0,0.3,20.3,37,2,0,79.4,Grassland
Sauveterre,43.405307,-0.9512172,2021-01-14,0,0,20.7,55,6,0,79.4,Grassland
Sauveterre,43.4050485,-0.9512,2021-01-15,0,0.2,20.4,119,6,0,79.4,Grassland
Sauveterre,43.4047612,-0.9512997,2021-01-16,0,0.2,20.3,50,4,0,79.5,Grassland
Sauveterre,43.4042962,-0.9511887,2021-01-17,0,0.3,20.2,60,5,0,79.5,Grassland
Sauveterre,43.4039612,-0.951668,2021-01-18,0,0.5,20,6,1,0,79.3,Grassland
Sauveterre,43.403663,-0.951744,2021-01-19,0,0.4,20.2,18,3,0,79.5,Grassland
Sauveterre,43.4039783,-0.9508555,2021-01-20,0,0.3,20.3,1,0,0,79.5,Grassland
Sauveterre,43.4044467,-0.948133,2021-01-21,0,0,20.6,4,2,0,79.2,Grassland
Sauveterre,43.4046447,-0.9481632,2021-01-22,0,0.6,20.2,12,3,0,79.3,Grassland
Sauveterre,43.404895,-0.9479597,2021-01-23,0,0.5,20.3,12,5,0,79.3,Grassland
Sauveterre,43.404403,-0.9490157,2021-01-24,0,0,20.6,0,0,0,79.4,Grassland
Sauveterre,43.4044825,-0.9489653,2021-01-25,0,0,20.5,0,0,0,79.5,Grassland
Sauveterre,43.4043915,-0.9490845,2021-01-26,0,0,20.5,0,0,0,79.4,Grassland
Sauveterre,43.4044773,-0.9490627,2021-01-27,0,0,20.5,36,3,0,79.5,Grassland
Sauveterre,43.4045195,-0.9491138,2021-01-28,0,0.6,19.9,33,1,0,79.7,Grassland
Sauveterre,43.4044675,-0.9491623,2021-01-29,0,0.5,19.8,21,3,0,79.7,Grassland
Sauveterre,43.4045245,-0.949107,2021-01-30,0,0,20.1,16,1,0,79.6,Grassland
Sauveterre,43.405638,-0.9510023,2021-01-31,0,0,20.4,108,4,0,79.6,Grassland
Sauveterre,43.4054517,-0.9511262,2021-02-01,0,0.2,20.2,50,6,0,79.8,Grassland
Sauveterre,43.405433,-0.9511938,2021-02-02,0,0,20.4,70,12,0,79.8,Grassland
Sauveterre,43.4062175,-0.952225,2021-02-03,0,0.4,19.8,19,5,0,79.6,Grassland
Sauveterre,43.407021,-0.9527828,2021-02-04,0,1.2,19.1,57,9,0,79.6,Grassland
Sauveterre,43.40704,-0.9528128,2021-02-05,0,0.5,19.8,76,5,0,79.8,Grassland
Sauveterre,43.4077955,-0.9514777,2021-02-06,0,0.2,20,17,2,0,79.7,Grassland
Sauveterre,43.4081968,-0.9497565,2021-02-07,0,0.7,19.4,94,12,0,80,Grassland
Sauveterre,43.4081757,-0.9496363,2021-02-08,0,0.3,19.7,39,2,0,80,Grassland
Sauveterre,43.408015,-0.950099,2021-02-09,0,0.1,19.8,55,4,0,80.4,Grassland
Sauveterre,43.4075002,-0.9506942,2021-02-10,0,0.2,19.5,30,5,0,80.3,Grassland
Sauveterre,43.4062082,-0.9522057,2021-02-11,0,0,20.2,51,1,0,79.7,Grassland
Sauveterre,43.4043885,-0.949258,2021-02-12,0,0.1,20.6,18,2,0,79.4,Grassland
Sauveterre,43.4043638,-0.9487715,2021-02-13,0,0.4,20.2,9,3,0,79.6,Grassland
Sauveterre,43.4047862,-0.9500323,2021-02-14,0,0.2,20.1,11,4,0,79.9,Grassland
Sauveterre,43.4047035,-0.9499057,2021-02-15,0,0,19.9,4,2,0,80.2,Grassland
Sauveterre,43.4050517,-0.9513742,2021-02-16,0,0.2,19.8,26,6,0,80.4,Grassland
Sauveterre,43.4049842,-0.9514117,2021-02-17,0,0.2,19.3,18,3,0,80.5,Grassland
Sauveterre,43.4045207,-0.9491003,2021-02-18,0,0.1,20.5,3,2,0,79.3,Grassland
Sauveterre,43.4048885,-0.9500913,2021-02-19,0,0.1,20.2,0,1,0,79.8,Grassland
Sauveterre,43.4048148,-0.9500235,2021-02-20,0,0.2,20.1,0,1,0,79.6,Grassland
Sauveterre,43.4051647,-0.9512205,2021-02-21,0,0,20.2,5,5,0,79.8,Grassland
Sauveterre,43.405079,-0.9513072,2021-02-22,0,0.1,20.1,68,0,0,79.6,Grassland
Sauveterre,43.405088,-0.949369,2021-02-23,0,0.1,20.6,2,1,0,79.3,Grassland